,county,state,population,dc
0,Autauga,AL,34222,3.0
1,Baldwin,AL,98280,22.0
2,Barbour,AL,25417,1.0
3,Bibb,AL,16576,1.0
4,Blount,AL,39248,8.0
5,Bullock,AL,11042,0.0
6,Butler,AL,21892,1.0
7,Calhoun,AL,116034,21.0
8,Chambers,AL,36876,7.0
9,Cherokee,AL,19543,0.0
10,Chilton,AL,32458,5.0
11,Choctaw,AL,16018,4.0
12,Clarke,AL,27240,4.0
13,Clay,AL,13252,6.0
14,Cleburne,AL,12730,3.0
15,Coffee,AL,40240,7.0
16,Colbert,AL,51666,9.0
17,Conecuh,AL,14054,4.0
18,Coosa,AL,11063,3.0
19,Covington,AL,36478,7.0
20,Crenshaw,AL,13635,1.0
21,Cullman,AL,67613,17.0
22,Dale,AL,49633,3.0
23,Dallas,AL,48130,5.0
24,Dekalb,AL,54651,0.0
25,Elmore,AL,49210,4.0
26,Escambia,AL,35518,10.0
27,Etowah,AL,99840,17.0
28,Fayette,AL,17962,4.0
29,Franklin,AL,27814,8.0
30,Geneva,AL,23647,7.0
31,Greene,AL,10153,0.0
32,Hale,AL,15498,0.0
33,Henry,AL,15374,1.0
34,Houston,AL,81331,10.0
35,Jackson,AL,47796,13.0
36,Jefferson,AL,651525,111.0
37,Lamar,AL,15715,6.0
38,Lauderdale,AL,79661,13.0
39,Lawrence,AL,31513,6.0
40,Lee,AL,87146,13.0
41,Limestone,AL,54135,10.0
42,Lowndes,AL,12658,0.0
43,Macon,AL,24928,2.0
44,Madison,AL,238912,34.0
45,Marengo,AL,23084,5.0
46,Marion,AL,29830,8.0
47,Marshall,AL,70832,11.0
48,Mobile,AL,378643,52.0
49,Monroe,AL,23968,1.0
50,Montgomery,AL,209085,25.0
51,Morgan,AL,100043,16.0
52,Perry,AL,12759,1.0
53,Pickens,AL,20699,7.0
54,Pike,AL,27595,1.0
55,Randolph,AL,19881,2.0
56,Russell,AL,46860,13.0
57,Shelby,AL,99358,8.0
58,St. clair,AL,50009,0.0
59,Sumter,AL,16174,0.0
60,Talladega,AL,74107,12.0
61,Tallapoosa,AL,38826,15.0
62,Tuscaloosa,AL,150522,23.0
63,Walker,AL,67670,17.0
64,Washington,AL,16694,1.0
65,Wilcox,AL,13568,3.0
66,Winston,AL,22053,5.0
67,Apache,AZ,61591,2.0
68,Cochise,AZ,97624,15.0
69,Coconino,AZ,96591,6.0
70,Gila,AZ,40216,9.0
71,Graham,AZ,26554,13.0
72,Greenlee,AZ,8008,2.0
73,La paz,AZ,13844,0.0
74,Maricopa,AZ,2122101,373.0
75,Mohave,AZ,93497,30.0
76,Navajo,AZ,77658,10.0
77,Pima,AZ,666880,150.0
78,Pinal,AZ,116379,21.0
79,Santa cruz,AZ,29676,0.0
80,Yavapai,AZ,107714,35.0
81,Yuma,AZ,106895,21.0
82,Arkansas,AR,21653,4.0
83,Ashley,AR,24319,4.0
84,Baxter,AR,31186,9.0
85,Benton,AR,97499,20.0
86,Boone,AR,28297,10.0
87,Bradley,AR,11793,0.0
88,Calhoun,AR,5826,2.0
89,Carroll,AR,18654,4.0
90,Chicot,AR,15713,1.0
91,Clark,AR,21437,3.0
92,Clay,AR,18107,10.0
93,Cleburne,AR,19411,7.0
94,Cleveland,AR,7781,1.0
95,Columbia,AR,25691,8.0
96,Conway,AR,19151,4.0
97,Craighead,AR,68956,15.0
98,Crawford,AR,42493,12.0
99,Crittenden,AR,49939,1.0
100,Cross,AR,19225,3.0
101,Dallas,AR,9614,0.0
102,Desha,AR,16798,1.0
103,Drew,AR,17369,4.0
104,Faulkner,AR,60006,10.0
105,Franklin,AR,14897,3.0
106,Fulton,AR,10037,4.0
107,Garland,AR,73397,28.0
108,Grant,AR,13948,2.0
109,Greene,AR,31804,9.0
110,Hempstead,AR,21621,4.0
111,Hot spring,AR,26115,0.0
112,Howard,AR,13569,2.0
113,Independence,AR,31192,7.0
114,Izard,AR,11364,4.0
115,Jackson,AR,18944,4.0
116,Jefferson,AR,85487,17.0
117,Johnson,AR,18221,9.0
118,Lafayette,AR,9643,1.0
119,Lawrence,AR,17457,5.0
120,Lee,AR,13053,3.0
121,Lincoln,AR,13690,2.0
122,Little river,AR,13966,0.0
123,Logan,AR,20557,3.0
124,Lonoke,AR,39268,13.0
125,Madison,AR,11618,4.0
126,Marion,AR,12001,6.0
127,Miller,AR,38467,8.0
128,Mississippi,AR,57525,11.0
129,Monroe,AR,11333,3.0
130,Montgomery,AR,7841,1.0
131,Nevada,AR,10101,1.0
132,Newton,AR,7666,1.0
133,Ouachita,AR,30574,3.0
134,Perry,AR,7969,2.0
135,Phillips,AR,28838,8.0
136,Pike,AR,10086,3.0
137,Poinsett,AR,24664,6.0
138,Polk,AR,17347,6.0
139,Pope,AR,45883,11.0
140,Prairie,AR,9518,2.0
141,Pulaski,AR,349660,68.0
142,Randolph,AR,16558,7.0
143,Saline,AR,64183,15.0
144,Scott,AR,10205,3.0
145,Searcy,AR,7841,2.0
146,Sebastian,AR,99590,19.0
147,Sevier,AR,13637,3.0
148,Sharp,AR,14109,9.0
149,St. francis,AR,28497,0.0
150,Stone,AR,9775,6.0
151,Union,AR,46719,13.0
152,Van buren,AR,14008,0.0
153,Washington,AR,113409,20.0
154,White,AR,54676,15.0
155,Woodruff,AR,9520,1.0
156,Yell,AR,17759,5.0
157,Alameda,CA,1279182,177.0
158,Alpine,CA,1113,0.0
159,Amador,CA,30039,6.0
160,Butte,CA,182120,48.0
161,Calaveras,CA,31998,7.0
162,Colusa,CA,16275,4.0
163,Contra costa,CA,803732,0.0
164,Del norte,CA,23460,0.0
165,El dorado,CA,125995,0.0
166,Fresno,CA,667490,95.0
167,Glenn,CA,24798,6.0
168,Humboldt,CA,119118,28.0
169,Imperial,CA,109303,17.0
170,Inyo,CA,18281,2.0
171,Kern,CA,543477,87.0
172,Kings,CA,101469,12.0
173,Lake,CA,50631,23.0
174,Lassen,CA,27598,8.0
175,Los angeles,CA,8863164,0.0
176,Madera,CA,88090,16.0
177,Marin,CA,230096,47.0
178,Mariposa,CA,14302,6.0
179,Mendocino,CA,80345,12.0
180,Merced,CA,178403,35.0
181,Modoc,CA,9678,2.0
182,Mono,CA,9956,0.0
183,Monterey,CA,355660,45.0
184,Napa,CA,110765,42.0
185,Nevada,CA,78510,15.0
186,Orange,CA,2410556,379.0
187,Placer,CA,172796,31.0
188,Plumas,CA,19739,6.0
189,Riverside,CA,1170413,192.0
190,Sacramento,CA,1041219,171.0
191,San benito,CA,36697,0.0
192,San bernardino,CA,1418380,0.0
193,San diego,CA,2498016,0.0
194,San francisco,CA,723959,0.0
195,San joaquin,CA,480628,0.0
196,San luis obispo,CA,217162,0.0
197,San mateo,CA,649623,0.0
198,Santa barbara,CA,369608,0.0
199,Santa clara,CA,1497577,0.0
200,Santa cruz,CA,229734,0.0
201,Shasta,CA,147036,33.0
202,Sierra,CA,3318,1.0
203,Siskiyou,CA,43531,12.0
204,Solano,CA,340421,33.0
205,Sonoma,CA,388222,74.0
206,Stanislaus,CA,370522,56.0
207,Sutter,CA,64415,7.0
208,Tehama,CA,49625,18.0
209,Trinity,CA,13063,4.0
210,Tulare,CA,311921,57.0
211,Tuolumne,CA,48456,12.0
212,Ventura,CA,669016,110.0
213,Yolo,CA,141092,29.0
214,Yuba,CA,58228,16.0
215,Adams,CO,265038,40.0
216,Alamosa,CO,13617,2.0
217,Arapahoe,CO,391511,32.0
218,Archuleta,CO,5345,2.0
219,Baca,CO,4556,1.0
220,Bent,CO,5048,1.0
221,Boulder,CO,225339,37.0
222,Chaffee,CO,12684,1.0
223,Cheyenne,CO,2397,0.0
224,Clear creek,CO,7619,0.0
225,Conejos,CO,7453,1.0
226,Costilla,CO,3190,0.0
227,Crowley,CO,3946,2.0
228,Custer,CO,1926,0.0
229,Delta,CO,20980,8.0
230,Denver,CO,467610,98.0
231,Dolores,CO,1504,2.0
232,Douglas,CO,60391,6.0
233,Eagle,CO,21928,0.0
234,El paso,CO,397014,0.0
235,Elbert,CO,9646,1.0
236,Fremont,CO,32273,9.0
237,Garfield,CO,29974,4.0
238,Gilpin,CO,3070,1.0
239,Grand,CO,7966,1.0
240,Gunnison,CO,10273,1.0
241,Hinsdale,CO,467,0.0
242,Huerfano,CO,6009,0.0
243,Jackson,CO,1605,0.0
244,Jefferson,CO,438430,56.0
245,Kiowa,CO,1688,1.0
246,Kit carson,CO,7140,0.0
247,La plata,CO,32284,0.0
248,Lake,CO,6007,1.0
249,Larimer,CO,186136,26.0
250,Las animas,CO,13765,0.0
251,Lincoln,CO,4529,2.0
252,Logan,CO,17567,6.0
253,Mesa,CO,93145,23.0
254,Mineral,CO,558,0.0
255,Moffat,CO,11357,2.0
256,Montezuma,CO,18672,5.0
257,Montrose,CO,24423,2.0
258,Morgan,CO,21939,8.0
259,Otero,CO,20185,8.0
260,Ouray,CO,2295,1.0
261,Park,CO,7174,3.0
262,Phillips,CO,4189,0.0
263,Pitkin,CO,12661,0.0
264,Prowers,CO,13347,3.0
265,Pueblo,CO,123051,34.0
266,Rio blanco,CO,5972,0.0
267,Rio grande,CO,10770,0.0
268,Routt,CO,14088,3.0
269,Saguache,CO,4619,1.0
270,San juan,CO,745,0.0
271,San miguel,CO,3653,0.0
272,Sedgwick,CO,2690,0.0
273,Summit,CO,12881,0.0
274,Teller,CO,12468,4.0
275,Washington,CO,4812,2.0
276,Weld,CO,131821,20.0
277,Yuma,CO,8954,3.0
278,Fairfield,CT,827645,204.0
279,Hartford,CT,851783,166.0
280,Litchfield,CT,174092,46.0
281,Middlesex,CT,143196,55.0
282,New haven,CT,804219,0.0
283,New london,CT,254957,0.0
284,Tolland,CT,128699,20.0
285,Windham,CT,102525,30.0
286,Kent,DE,110993,10.0
287,New castle,DE,441946,0.0
288,Sussex,DE,113229,25.0
289,District of columbia,DC,606900,0.0
290,Alachua,FL,181596,16.0
291,Baker,FL,18486,1.0
292,Bay,FL,126994,21.0
293,Bradford,FL,22515,9.0
294,Brevard,FL,398978,96.0
295,Broward,FL,1255488,404.0
296,Calhoun,FL,11011,1.0
297,Charlotte,FL,110975,43.0
298,Citrus,FL,93515,37.0
299,Clay,FL,105986,10.0
300,Collier,FL,152099,47.0
301,Columbia,FL,42613,8.0
302,Dade,FL,1937094,434.0
303,Desoto,FL,23865,0.0
304,Dixie,FL,10585,2.0
305,Duval,FL,672971,94.0
306,Escambia,FL,262798,56.0
307,Flagler,FL,28701,7.0
308,Franklin,FL,8967,2.0
309,Gadsden,FL,41105,3.0
310,Gilchrist,FL,9667,2.0
311,Glades,FL,7591,1.0
312,Gulf,FL,11504,0.0
313,Hamilton,FL,10930,2.0
314,Hardee,FL,19499,2.0
315,Hendry,FL,25773,2.0
316,Hernando,FL,101115,29.0
317,Highlands,FL,68432,17.0
318,Hillsborough,FL,834054,135.0
319,Holmes,FL,15778,1.0
320,Indian river,FL,90208,0.0
321,Jackson,FL,41375,5.0
322,Jefferson,FL,11296,1.0
323,Lafayette,FL,5578,0.0
324,Lake,FL,152104,38.0
325,Lee,FL,335113,98.0
326,Leon,FL,192493,15.0
327,Levy,FL,25923,6.0
328,Liberty,FL,5569,2.0
329,Madison,FL,16569,2.0
330,Manatee,FL,211707,58.0
331,Marion,FL,194833,49.0
332,Martin,FL,100900,33.0
333,Monroe,FL,78024,21.0
334,Nassau,FL,43941,6.0
335,Okaloosa,FL,143776,30.0
336,Okeechobee,FL,29627,9.0
337,Orange,FL,677491,109.0
338,Osceola,FL,107728,21.0
339,Palm beach,FL,863518,0.0
340,Pasco,FL,281131,112.0
341,Pinellas,FL,851659,299.0
342,Polk,FL,405382,80.0
343,Putnam,FL,65070,13.0
344,Santa rosa,FL,81608,0.0
345,Sarasota,FL,277776,120.0
346,Seminole,FL,287529,27.0
347,St. johns,FL,83829,0.0
348,St. lucie,FL,150171,0.0
349,Sumter,FL,31577,4.0
350,Suwannee,FL,26780,4.0
351,Taylor,FL,17111,4.0
352,Union,FL,10252,1.0
353,Volusia,FL,370712,93.0
354,Wakulla,FL,14202,1.0
355,Walton,FL,27760,9.0
356,Washington,FL,16919,4.0
357,Appling,GA,15744,2.0
358,Atkinson,GA,6213,0.0
359,Bacon,GA,9566,1.0
360,Baker,GA,3615,0.0
361,Baldwin,GA,39530,4.0
362,Banks,GA,10308,2.0
363,Barrow,GA,29721,4.0
364,Bartow,GA,55911,8.0
365,Ben hill,GA,16245,0.0
366,Berrien,GA,14153,4.0
367,Bibb,GA,149967,14.0
368,Bleckley,GA,10430,1.0
369,Brantley,GA,11077,1.0
370,Brooks,GA,15398,0.0
371,Bryan,GA,15438,2.0
372,Bulloch,GA,43125,6.0
373,Burke,GA,20579,2.0
374,Butts,GA,15326,5.0
375,Calhoun,GA,5013,1.0
376,Camden,GA,30167,0.0
377,Candler,GA,7744,1.0
378,Carroll,GA,71422,9.0
379,Catoosa,GA,42464,9.0
380,Charlton,GA,8496,1.0
381,Chatham,GA,216935,39.0
382,Chattahoochee,GA,16934,0.0
383,Chattooga,GA,22242,1.0
384,Cherokee,GA,90204,15.0
385,Clarke,GA,87594,10.0
386,Clay,GA,3364,0.0
387,Clayton,GA,182052,21.0
388,Clinch,GA,6160,0.0
389,Cobb,GA,447745,43.0
390,Coffee,GA,29592,1.0
391,Colquitt,GA,36645,4.0
392,Columbia,GA,66031,7.0
393,Cook,GA,13456,4.0
394,Coweta,GA,53853,8.0
395,Crawford,GA,8991,0.0
396,Crisp,GA,20011,3.0
397,Dade,GA,13147,1.0
398,Dawson,GA,9429,1.0
399,Decatur,GA,25511,5.0
400,Dekalb,GA,545837,0.0
401,Dodge,GA,17607,4.0
402,Dooly,GA,9901,0.0
403,Dougherty,GA,96311,7.0
404,Douglas,GA,71120,6.0
405,Early,GA,11854,1.0
406,Echols,GA,2334,0.0
407,Effingham,GA,25687,5.0
408,Elbert,GA,18949,4.0
409,Emanuel,GA,20546,4.0
410,Evans,GA,8724,2.0
411,Fannin,GA,15992,7.0
412,Fayette,GA,62415,3.0
413,Floyd,GA,81251,13.0
414,Forsyth,GA,44083,6.0
415,Franklin,GA,16650,4.0
416,Fulton,GA,648951,77.0
417,Gilmer,GA,13368,1.0
418,Glascock,GA,2357,0.0
419,Glynn,GA,62496,10.0
420,Gordon,GA,35072,7.0
421,Grady,GA,20279,1.0
422,Greene,GA,11793,2.0
423,Gwinnett,GA,352910,37.0
424,Habersham,GA,27621,7.0
425,Hall,GA,95428,11.0
426,Hancock,GA,8908,0.0
427,Haralson,GA,21966,6.0
428,Harris,GA,17788,5.0
429,Hart,GA,19712,8.0
430,Heard,GA,8628,1.0
431,Henry,GA,58741,8.0
432,Houston,GA,89208,10.0
433,Irwin,GA,8649,1.0
434,Jackson,GA,30005,4.0
435,Jasper,GA,8453,1.0
436,Jeff davis,GA,12032,0.0
437,Jefferson,GA,17408,1.0
438,Jenkins,GA,8247,1.0
439,Johnson,GA,8329,3.0
440,Jones,GA,20739,3.0
441,Lamar,GA,13038,0.0
442,Lanier,GA,5531,0.0
443,Laurens,GA,39988,5.0
444,Lee,GA,16250,0.0
445,Liberty,GA,52745,1.0
446,Lincoln,GA,7442,1.0
447,Long,GA,6202,0.0
448,Lowndes,GA,75981,11.0
449,Lumpkin,GA,14573,4.0
450,Macon,GA,13114,1.0
451,Madison,GA,21050,2.0
452,Marion,GA,5590,0.0
453,Mcduffie,GA,20119,0.0
454,Mcintosh,GA,8634,0.0
455,Meriwether,GA,22411,1.0
456,Miller,GA,6280,0.0
457,Mitchell,GA,20275,3.0
458,Monroe,GA,17113,2.0
459,Montgomery,GA,7163,2.0
460,Morgan,GA,12883,1.0
461,Murray,GA,26147,5.0
462,Muscogee,GA,179278,28.0
463,Newton,GA,41808,8.0
464,Oconee,GA,17618,1.0
465,Oglethorpe,GA,9763,1.0
466,Paulding,GA,41611,3.0
467,Peach,GA,21189,3.0
468,Pickens,GA,14432,5.0
469,Pierce,GA,13328,1.0
470,Pike,GA,10224,0.0
471,Polk,GA,33815,6.0
472,Pulaski,GA,8108,1.0
473,Putnam,GA,14137,4.0
474,Quitman,GA,2209,1.0
475,Rabun,GA,11648,3.0
476,Randolph,GA,8023,1.0
477,Richmond,GA,189719,24.0
478,Rockdale,GA,54091,10.0
479,Schley,GA,3588,0.0
480,Screven,GA,13842,1.0
481,Seminole,GA,9010,1.0
482,Spalding,GA,54457,8.0
483,Stephens,GA,23257,6.0
484,Stewart,GA,5654,1.0
485,Sumter,GA,30228,0.0
486,Talbot,GA,6524,2.0
487,Taliaferro,GA,1915,0.0
488,Tattnall,GA,17722,0.0
489,Taylor,GA,7642,1.0
490,Telfair,GA,11000,1.0
491,Terrell,GA,10653,1.0
492,Thomas,GA,38986,5.0
493,Tift,GA,34998,5.0
494,Toombs,GA,24072,1.0
495,Towns,GA,6754,1.0
496,Treutlen,GA,5994,4.0
497,Troup,GA,55536,9.0
498,Turner,GA,8703,1.0
499,Twiggs,GA,9806,0.0
500,Union,GA,11993,3.0
501,Upson,GA,26300,5.0
502,Walker,GA,58340,10.0
503,Walton,GA,38586,4.0
504,Ware,GA,35471,1.0
505,Warren,GA,6078,1.0
506,Washington,GA,19112,3.0
507,Wayne,GA,22356,8.0
508,Webster,GA,2263,0.0
509,Wheeler,GA,4903,1.0
510,White,GA,13006,4.0
511,Whitfield,GA,72462,20.0
512,Wilcox,GA,7008,0.0
513,Wilkes,GA,10597,4.0
514,Wilkinson,GA,10228,1.0
515,Worth,GA,19745,1.0
516,Ada,ID,205775,0.0
517,Adams,ID,3254,0.0
518,Bannock,ID,66026,0.0
519,Bear lake,ID,6084,0.0
520,Benewah,ID,7937,0.0
521,Bingham,ID,37583,0.0
522,Blaine,ID,13552,0.0
523,Boise,ID,3509,0.0
524,Bonner,ID,26622,0.0
525,Bonneville,ID,72207,0.0
526,Boundary,ID,8332,0.0
527,Butte,ID,2918,0.0
528,Camas,ID,727,0.0
529,Canyon,ID,90076,0.0
530,Caribou,ID,6963,0.0
531,Cassia,ID,19532,0.0
532,Clark,ID,762,0.0
533,Clearwater,ID,8505,0.0
534,Custer,ID,4133,0.0
535,Elmore,ID,21205,0.0
536,Franklin,ID,9232,0.0
537,Fremont,ID,10937,0.0
538,Gem,ID,11844,0.0
539,Gooding,ID,11633,0.0
540,Idaho,ID,13783,0.0
541,Jefferson,ID,16543,0.0
542,Jerome,ID,15138,0.0
543,Kootenai,ID,69795,0.0
544,Latah,ID,30617,0.0
545,Lemhi,ID,6899,0.0
546,Lewis,ID,3516,0.0
547,Lincoln,ID,3308,0.0
548,Madison,ID,23674,0.0
549,Minidoka,ID,19361,0.0
550,Nez perce,ID,33754,0.0
551,Oneida,ID,3492,0.0
552,Owyhee,ID,8392,0.0
553,Payette,ID,16434,0.0
554,Power,ID,7086,0.0
555,Shoshone,ID,13931,0.0
556,Teton,ID,3439,0.0
557,Twin falls,ID,53580,0.0
558,Valley,ID,6109,0.0
559,Washington,ID,8550,0.0
560,Adams,IL,66090,14.0
561,Alexander,IL,10626,2.0
562,Bond,IL,14991,6.0
563,Boone,IL,30806,8.0
564,Brown,IL,5836,1.0
565,Bureau,IL,35688,19.0
566,Calhoun,IL,5322,2.0
567,Carroll,IL,16805,12.0
568,Cass,IL,13437,1.0
569,Champaign,IL,173025,31.0
570,Christian,IL,34418,12.0
571,Clark,IL,15921,5.0
572,Clay,IL,14460,13.0
573,Clinton,IL,33944,7.0
574,Coles,IL,51644,12.0
575,Cook,IL,5105067,1052.0
576,Crawford,IL,19464,7.0
577,Cumberland,IL,10670,2.0
578,De witt,IL,16516,0.0
579,Dekalb,IL,77932,0.0
580,Douglas,IL,19464,3.0
581,Dupage,IL,781666,0.0
582,Edgar,IL,19595,4.0
583,Edwards,IL,7440,0.0
584,Effingham,IL,31704,6.0
585,Fayette,IL,20893,9.0
586,Ford,IL,14275,6.0
587,Franklin,IL,40319,17.0
588,Fulton,IL,38080,9.0
589,Gallatin,IL,6909,1.0
590,Greene,IL,15317,3.0
591,Grundy,IL,32337,7.0
592,Hamilton,IL,8499,6.0
593,Hancock,IL,21373,9.0
594,Hardin,IL,5189,2.0
595,Henderson,IL,8096,0.0
596,Henry,IL,51159,18.0
597,Iroquois,IL,30787,7.0
598,Jackson,IL,61067,15.0
599,Jasper,IL,10609,2.0
600,Jefferson,IL,37020,9.0
601,Jersey,IL,20539,5.0
602,Jo daviess,IL,21821,0.0
603,Johnson,IL,11347,3.0
604,Kane,IL,317471,48.0
605,Kankakee,IL,96255,10.0
606,Kendall,IL,39413,7.0
607,Knox,IL,56393,13.0
608,La salle,IL,106913,0.0
609,Lake,IL,516418,81.0
610,Lawrence,IL,15972,8.0
611,Lee,IL,34392,4.0
612,Livingston,IL,39301,12.0
613,Logan,IL,30798,4.0
614,Macon,IL,117206,36.0
615,Macoupin,IL,47679,20.0
616,Madison,IL,249238,63.0
617,Marion,IL,41561,11.0
618,Marshall,IL,12846,5.0
619,Mason,IL,16269,6.0
620,Massac,IL,14752,1.0
621,Mcdonough,IL,35244,0.0
622,Mchenry,IL,183241,0.0
623,Mclean,IL,129180,0.0
624,Menard,IL,11164,3.0
625,Mercer,IL,17290,2.0
626,Monroe,IL,22422,4.0
627,Montgomery,IL,30728,17.0
628,Morgan,IL,36397,6.0
629,Moultrie,IL,13930,3.0
630,Ogle,IL,45957,13.0
631,Peoria,IL,182827,39.0
632,Perry,IL,21412,7.0
633,Piatt,IL,15548,2.0
634,Pike,IL,17577,4.0
635,Pope,IL,4373,2.0
636,Pulaski,IL,7523,1.0
637,Putnam,IL,5730,2.0
638,Randolph,IL,34583,14.0
639,Richland,IL,16545,4.0
640,Rock island,IL,148723,0.0
641,Saline,IL,26551,6.0
642,Sangamon,IL,178386,39.0
643,Schuyler,IL,7498,2.0
644,Scott,IL,5644,3.0
645,Shelby,IL,22261,4.0
646,St. clair,IL,262852,0.0
647,Stark,IL,6534,1.0
648,Stephenson,IL,48052,17.0
649,Tazewell,IL,123692,32.0
650,Union,IL,17619,10.0
651,Vermilion,IL,88257,31.0
652,Wabash,IL,13111,0.0
653,Warren,IL,19181,6.0
654,Washington,IL,14965,6.0
655,Wayne,IL,17241,2.0
656,White,IL,16522,3.0
657,Whiteside,IL,60186,10.0
658,Will,IL,357313,61.0
659,Williamson,IL,57733,15.0
660,Winnebago,IL,252913,60.0
661,Woodford,IL,32653,5.0
662,Adams,IN,31095,8.0
663,Allen,IN,300836,49.0
664,Bartholomew,IN,63657,17.0
665,Benton,IN,9441,3.0
666,Blackford,IN,14067,2.0
667,Boone,IN,38147,9.0
668,Brown,IN,14080,4.0
669,Carroll,IN,18809,9.0
670,Cass,IN,38413,13.0
671,Clark,IN,87777,20.0
672,Clay,IN,24705,8.0
673,Clinton,IN,30974,4.0
674,Crawford,IN,9914,6.0
675,Daviess,IN,27533,8.0
676,De kalb,IN,35324,0.0
677,Dearborn,IN,38835,8.0
678,Decatur,IN,23645,8.0
679,Delaware,IN,119659,29.0
680,Dubois,IN,36616,16.0
681,Elkhart,IN,156198,32.0
682,Fayette,IN,26015,3.0
683,Floyd,IN,64404,16.0
684,Fountain,IN,17808,5.0
685,Franklin,IN,19580,2.0
686,Fulton,IN,18840,4.0
687,Gibson,IN,31913,5.0
688,Grant,IN,74169,25.0
689,Greene,IN,30410,5.0
690,Hamilton,IN,108936,15.0
691,Hancock,IN,45527,9.0
692,Harrison,IN,29890,6.0
693,Hendricks,IN,75717,13.0
694,Henry,IN,48139,18.0
695,Howard,IN,80827,14.0
696,Huntington,IN,35427,10.0
697,Jackson,IN,37730,14.0
698,Jasper,IN,24960,9.0
699,Jay,IN,21512,6.0
700,Jefferson,IN,29797,8.0
701,Jennings,IN,23661,4.0
702,Johnson,IN,88109,17.0
703,Knox,IN,39884,12.0
704,Kosciusko,IN,65294,14.0
705,La porte,IN,107066,0.0
706,Lagrange,IN,29477,8.0
707,Lake,IN,475594,87.0
708,Lawrence,IN,42836,10.0
709,Madison,IN,130669,37.0
710,Marion,IN,797159,154.0
711,Marshall,IN,42182,5.0
712,Martin,IN,10369,5.0
713,Miami,IN,36897,5.0
714,Monroe,IN,108978,12.0
715,Montgomery,IN,34436,6.0
716,Morgan,IN,55920,15.0
717,Newton,IN,13551,7.0
718,Noble,IN,37877,7.0
719,Ohio,IN,5315,0.0
720,Orange,IN,18409,7.0
721,Owen,IN,17281,4.0
722,Parke,IN,15410,6.0
723,Perry,IN,19107,9.0
724,Pike,IN,12509,3.0
725,Porter,IN,128932,24.0
726,Posey,IN,25968,8.0
727,Pulaski,IN,12643,3.0
728,Putnam,IN,30315,10.0
729,Randolph,IN,27148,16.0
730,Ripley,IN,24616,12.0
731,Rush,IN,18129,5.0
732,Scott,IN,20991,9.0
733,Shelby,IN,40307,16.0
734,Spencer,IN,19490,4.0
735,St. joseph,IN,247052,0.0
736,Starke,IN,22747,10.0
737,Steuben,IN,27446,5.0
738,Sullivan,IN,18993,10.0
739,Switzerland,IN,7738,1.0
740,Tippecanoe,IN,130598,28.0
741,Tipton,IN,16119,2.0
742,Union,IN,6976,2.0
743,Vanderburgh,IN,165058,48.0
744,Vermillion,IN,16773,8.0
745,Vigo,IN,106107,28.0
746,Wabash,IN,35069,9.0
747,Warren,IN,8176,2.0
748,Warrick,IN,44920,12.0
749,Washington,IN,23717,2.0
750,Wayne,IN,71951,17.0
751,Wells,IN,25948,8.0
752,White,IN,23265,9.0
753,Whitley,IN,27651,5.0
754,Adair,IA,8409,3.0
755,Adams,IA,4866,0.0
756,Allamakee,IA,13855,6.0
757,Appanoose,IA,13743,4.0
758,Audubon,IA,7334,3.0
759,Benton,IA,22429,5.0
760,Black hawk,IA,123798,0.0
761,Boone,IA,25186,7.0
762,Bremer,IA,22813,11.0
763,Buchanan,IA,20844,5.0
764,Buena vista,IA,19965,0.0
765,Butler,IA,15731,9.0
766,Calhoun,IA,11508,6.0
767,Carroll,IA,21423,8.0
768,Cass,IA,15128,3.0
769,Cedar,IA,17381,8.0
770,Cerro gordo,IA,46733,0.0
771,Cherokee,IA,14098,6.0
772,Chickasaw,IA,13295,6.0
773,Clarke,IA,8287,0.0
774,Clay,IA,17585,2.0
775,Clayton,IA,19054,5.0
776,Clinton,IA,51040,15.0
777,Crawford,IA,16775,5.0
778,Dallas,IA,29755,7.0
779,Davis,IA,8312,2.0
780,Decatur,IA,8338,4.0
781,Delaware,IA,18035,6.0
782,Des moines,IA,42614,0.0
783,Dickinson,IA,14909,3.0
784,Dubuque,IA,86403,27.0
785,Emmet,IA,11569,0.0
786,Fayette,IA,21843,13.0
787,Floyd,IA,17058,5.0
788,Franklin,IA,11364,4.0
789,Fremont,IA,8226,3.0
790,Greene,IA,10045,8.0
791,Grundy,IA,12029,3.0
792,Guthrie,IA,10935,2.0
793,Hamilton,IA,16071,7.0
794,Hancock,IA,12638,4.0
795,Hardin,IA,19094,6.0
796,Harrison,IA,14730,9.0
797,Henry,IA,19226,3.0
798,Howard,IA,9809,3.0
799,Humboldt,IA,10756,3.0
800,Ida,IA,8365,4.0
801,Iowa,IA,14630,4.0
802,Jackson,IA,19950,5.0
803,Jasper,IA,34795,11.0
804,Jefferson,IA,16310,6.0
805,Johnson,IA,96119,14.0
806,Jones,IA,19444,8.0
807,Keokuk,IA,11624,2.0
808,Kossuth,IA,18591,6.0
809,Lee,IA,38687,16.0
810,Linn,IA,168767,32.0
811,Louisa,IA,11592,3.0
812,Lucas,IA,9070,2.0
813,Lyon,IA,11952,6.0
814,Madison,IA,12483,4.0
815,Mahaska,IA,21522,6.0
816,Marion,IA,30001,14.0
817,Marshall,IA,38276,13.0
818,Mills,IA,13202,4.0
819,Mitchell,IA,10928,7.0
820,Monona,IA,10034,3.0
821,Monroe,IA,8114,5.0
822,Montgomery,IA,12076,3.0
823,Muscatine,IA,39907,6.0
824,O'brien,IA,15444,0.0
825,Osceola,IA,7267,0.0
826,Page,IA,16870,3.0
827,Palo alto,IA,10669,0.0
828,Plymouth,IA,23388,9.0
829,Pocahontas,IA,9525,3.0
830,Polk,IA,327140,97.0
831,Pottawattamie,IA,82628,26.0
832,Poweshiek,IA,19033,4.0
833,Ringgold,IA,5420,5.0
834,Sac,IA,12324,1.0
835,Scott,IA,150979,35.0
836,Shelby,IA,13230,9.0
837,Sioux,IA,29903,1.0
838,Story,IA,74252,11.0
839,Tama,IA,17419,5.0
840,Taylor,IA,7114,3.0
841,Union,IA,12750,9.0
842,Van buren,IA,7676,0.0
843,Wapello,IA,35687,12.0
844,Warren,IA,36033,10.0
845,Washington,IA,19612,5.0
846,Wayne,IA,7067,3.0
847,Webster,IA,40342,11.0
848,Winnebago,IA,12122,0.0
849,Winneshiek,IA,20847,6.0
850,Woodbury,IA,98276,18.0
851,Worth,IA,7991,6.0
852,Wright,IA,14269,2.0
853,Allen,KS,14638,7.0
854,Anderson,KS,7803,4.0
855,Atchison,KS,16932,6.0
856,Barber,KS,5874,3.0
857,Barton,KS,29382,5.0
858,Bourbon,KS,14966,4.0
859,Brown,KS,11128,5.0
860,Butler,KS,50580,13.0
861,Chase,KS,3021,1.0
862,Chautauqua,KS,4407,1.0
863,Cherokee,KS,21374,5.0
864,Cheyenne,KS,3243,1.0
865,Clark,KS,2418,2.0
866,Clay,KS,9158,0.0
867,Cloud,KS,11023,4.0
868,Coffey,KS,8404,4.0
869,Comanche,KS,2313,1.0
870,Cowley,KS,36915,12.0
871,Crawford,KS,35568,14.0
872,Decatur,KS,4021,2.0
873,Dickinson,KS,18958,9.0
874,Doniphan,KS,8134,5.0
875,Douglas,KS,81798,12.0
876,Edwards,KS,3787,1.0
877,Elk,KS,3327,2.0
878,Ellis,KS,26004,11.0
879,Ellsworth,KS,6586,4.0
880,Finney,KS,33070,7.0
881,Ford,KS,27463,5.0
882,Franklin,KS,21994,10.0
883,Geary,KS,30453,3.0
884,Gove,KS,3231,0.0
885,Graham,KS,3543,1.0
886,Grant,KS,7159,0.0
887,Gray,KS,5396,1.0
888,Greeley,KS,1774,0.0
889,Greenwood,KS,7847,6.0
890,Hamilton,KS,2388,1.0
891,Harper,KS,7124,4.0
892,Harvey,KS,31028,9.0
893,Haskell,KS,3886,1.0
894,Hodgeman,KS,2177,0.0
895,Jackson,KS,11525,4.0
896,Jefferson,KS,15905,4.0
897,Jewell,KS,4251,1.0
898,Johnson,KS,355054,72.0
899,Kearny,KS,4027,1.0
900,Kingman,KS,8292,2.0
901,Kiowa,KS,3660,0.0
902,Labette,KS,23693,6.0
903,Lane,KS,2375,0.0
904,Leavenworth,KS,64371,12.0
905,Lincoln,KS,3653,1.0
906,Linn,KS,8254,3.0
907,Logan,KS,3081,1.0
908,Lyon,KS,34732,4.0
909,Marion,KS,12888,5.0
910,Marshall,KS,11705,6.0
911,Mcpherson,KS,27268,0.0
912,Meade,KS,4247,1.0
913,Miami,KS,23466,4.0
914,Mitchell,KS,7203,0.0
915,Montgomery,KS,38816,16.0
916,Morris,KS,6198,2.0
917,Morton,KS,3480,0.0
918,Nemaha,KS,10446,4.0
919,Neosho,KS,17035,1.0
920,Ness,KS,4033,2.0
921,Norton,KS,5947,3.0
922,Osage,KS,15248,5.0
923,Osborne,KS,4867,1.0
924,Ottawa,KS,5634,1.0
925,Pawnee,KS,7555,2.0
926,Phillips,KS,6590,4.0
927,Pottawatomie,KS,16128,3.0
928,Pratt,KS,9702,1.0
929,Rawlins,KS,3404,2.0
930,Reno,KS,62389,30.0
931,Republic,KS,6482,3.0
932,Rice,KS,10610,10.0
933,Riley,KS,67139,7.0
934,Rooks,KS,6039,1.0
935,Rush,KS,3842,1.0
936,Russell,KS,7835,1.0
937,Saline,KS,49301,10.0
938,Scott,KS,5289,2.0
939,Sedgwick,KS,403662,92.0
940,Seward,KS,18743,3.0
941,Shawnee,KS,160976,46.0
942,Sheridan,KS,3043,2.0
943,Sherman,KS,6926,4.0
944,Smith,KS,5078,3.0
945,Stafford,KS,5365,3.0
946,Stanton,KS,2333,0.0
947,Stevens,KS,5048,2.0
948,Sumner,KS,25841,17.0
949,Thomas,KS,8258,1.0
950,Trego,KS,3694,2.0
951,Wabaunsee,KS,6603,2.0
952,Wallace,KS,1821,0.0
953,Washington,KS,7073,2.0
954,Wichita,KS,2758,0.0
955,Wilson,KS,10289,5.0
956,Woodson,KS,4116,3.0
957,Wyandotte,KS,161993,40.0
958,Adair,KY,15360,3.0
959,Allen,KY,14628,7.0
960,Anderson,KY,14571,1.0
961,Ballard,KY,7902,1.0
962,Barren,KY,34001,14.0
963,Bath,KY,9692,4.0
964,Bell,KY,31506,11.0
965,Boone,KY,57589,12.0
966,Bourbon,KY,19236,8.0
967,Boyd,KY,51150,18.0
968,Boyle,KY,25641,5.0
969,Bracken,KY,7766,4.0
970,Breathitt,KY,15703,3.0
971,Breckinridge,KY,16312,5.0
972,Bullitt,KY,47567,3.0
973,Butler,KY,11245,5.0
974,Caldwell,KY,13232,0.0
975,Calloway,KY,30735,8.0
976,Campbell,KY,83866,17.0
977,Carlisle,KY,5238,1.0
978,Carroll,KY,9292,4.0
979,Carter,KY,24340,5.0
980,Casey,KY,14211,3.0
981,Christian,KY,68941,10.0
982,Clark,KY,29496,5.0
983,Clay,KY,21746,3.0
984,Clinton,KY,9135,4.0
985,Crittenden,KY,9196,4.0
986,Cumberland,KY,6784,0.0
987,Daviess,KY,87189,21.0
988,Edmonson,KY,10357,3.0
989,Elliott,KY,6455,2.0
990,Estill,KY,14614,7.0
991,Fayette,KY,225366,36.0
992,Fleming,KY,12292,7.0
993,Floyd,KY,43586,14.0
994,Franklin,KY,43781,7.0
995,Fulton,KY,8271,4.0
996,Gallatin,KY,5393,1.0
997,Garrard,KY,11579,2.0
998,Grant,KY,15737,1.0
999,Graves,KY,33550,13.0
1000,Grayson,KY,21050,2.0
1001,Green,KY,10371,2.0
1002,Greenup,KY,36742,3.0
1003,Hancock,KY,7864,1.0
1004,Hardin,KY,89240,13.0
1005,Harlan,KY,36574,9.0
1006,Harrison,KY,16248,3.0
1007,Hart,KY,14890,3.0
1008,Henderson,KY,43044,7.0
1009,Henry,KY,12823,2.0
1010,Hickman,KY,5566,3.0
1011,Hopkins,KY,46126,9.0
1012,Jackson,KY,11955,4.0
1013,Jefferson,KY,664937,157.0
1014,Jessamine,KY,30508,3.0
1015,Johnson,KY,23248,6.0
1016,Kenton,KY,142031,27.0
1017,Knott,KY,17906,3.0
1018,Knox,KY,29676,7.0
1019,Larue,KY,11679,0.0
1020,Laurel,KY,43438,4.0
1021,Lawrence,KY,13998,4.0
1022,Lee,KY,7422,5.0
1023,Leslie,KY,13642,1.0
1024,Letcher,KY,27000,6.0
1025,Lewis,KY,13029,0.0
1026,Lincoln,KY,20045,3.0
1027,Livingston,KY,9062,2.0
1028,Logan,KY,24416,8.0
1029,Lyon,KY,6624,2.0
1030,Madison,KY,57508,12.0
1031,Magoffin,KY,13077,4.0
1032,Marion,KY,16499,3.0
1033,Marshall,KY,27205,10.0
1034,Martin,KY,12526,1.0
1035,Mason,KY,16666,3.0
1036,Mccracken,KY,62879,0.0
1037,Mccreary,KY,15603,0.0
1038,Mclean,KY,9628,0.0
1039,Meade,KY,24170,2.0
1040,Menifee,KY,5092,1.0
1041,Mercer,KY,19148,6.0
1042,Metcalfe,KY,8963,2.0
1043,Monroe,KY,11401,5.0
1044,Montgomery,KY,19561,4.0
1045,Morgan,KY,11648,2.0
1046,Muhlenberg,KY,31318,11.0
1047,Nelson,KY,29710,2.0
1048,Nicholas,KY,6725,0.0
1049,Ohio,KY,21105,9.0
1050,Oldham,KY,33263,6.0
1051,Owen,KY,9035,0.0
1052,Owsley,KY,5036,1.0
1053,Pendleton,KY,12036,6.0
1054,Perry,KY,30283,6.0
1055,Pike,KY,72583,20.0
1056,Powell,KY,11686,3.0
1057,Pulaski,KY,49489,15.0
1058,Robertson,KY,2124,1.0
1059,Rockcastle,KY,14803,3.0
1060,Rowan,KY,20353,2.0
1061,Russell,KY,14716,6.0
1062,Scott,KY,23867,5.0
1063,Shelby,KY,24824,7.0
1064,Simpson,KY,15145,6.0
1065,Spencer,KY,6801,2.0
1066,Taylor,KY,21146,2.0
1067,Todd,KY,10940,1.0
1068,Trigg,KY,10361,6.0
1069,Trimble,KY,6090,2.0
1070,Union,KY,16557,4.0
1071,Warren,KY,76673,12.0
1072,Washington,KY,10441,2.0
1073,Wayne,KY,17468,4.0
1074,Webster,KY,13955,3.0
1075,Whitley,KY,33326,6.0
1076,Wolfe,KY,6503,3.0
1077,Woodford,KY,19955,6.0
1078,Acadia parish,LA,55882,0.0
1079,Allen parish,LA,21226,0.0
1080,Ascension parish,LA,58214,0.0
1081,Assumption parish,LA,22753,0.0
1082,Avoyelles parish,LA,39159,0.0
1083,Beauregard parish,LA,30083,0.0
1084,Bienville parish,LA,15979,0.0
1085,Bossier parish,LA,86088,0.0
1086,Caddo parish,LA,248253,0.0
1087,Calcasieu parish,LA,168134,0.0
1088,Caldwell parish,LA,9810,0.0
1089,Cameron parish,LA,9260,0.0
1090,Catahoula parish,LA,11065,0.0
1091,Claiborne parish,LA,17405,0.0
1092,Concordia parish,LA,20828,0.0
1093,De soto parish,LA,25346,0.0
1094,East baton rouge parish,LA,380105,0.0
1095,East carroll parish,LA,9709,0.0
1096,East feliciana parish,LA,19211,0.0
1097,Evangeline parish,LA,33274,0.0
1098,Franklin parish,LA,22387,0.0
1099,Grant parish,LA,17526,0.0
1100,Iberia parish,LA,68297,0.0
1101,Iberville parish,LA,31049,0.0
1102,Jackson parish,LA,15705,0.0
1103,Jefferson davis parish,LA,30722,0.0
1104,Jefferson parish,LA,448306,0.0
1105,La salle parish,LA,13662,0.0
1106,Lafayette parish,LA,164762,0.0
1107,Lafourche parish,LA,85860,0.0
1108,Lincoln parish,LA,41745,0.0
1109,Livingston parish,LA,70526,0.0
1110,Madison parish,LA,12463,0.0
1111,Morehouse parish,LA,31938,0.0
1112,Natchitoches parish,LA,36689,0.0
1113,Orleans parish,LA,496938,0.0
1114,Ouachita parish,LA,142191,0.0
1115,Plaquemines parish,LA,25575,0.0
1116,Pointe coupee parish,LA,22540,0.0
1117,Rapides parish,LA,131556,0.0
1118,Red river parish,LA,9387,0.0
1119,Richland parish,LA,20629,0.0
1120,Sabine parish,LA,22646,0.0
1121,St. bernard parish,LA,66631,0.0
1122,St. charles parish,LA,42437,0.0
1123,St. helena parish,LA,9874,0.0
1124,St. james parish,LA,20879,0.0
1125,St. john the baptist paris,LA,39996,0.0
1126,St. landry parish,LA,80331,0.0
1127,St. martin parish,LA,43978,0.0
1128,St. mary parish,LA,58086,0.0
1129,St. tammany parish,LA,144508,0.0
1130,Tangipahoa parish,LA,85709,0.0
1131,Tensas parish,LA,7103,0.0
1132,Terrebonne parish,LA,96982,0.0
1133,Union parish,LA,20690,0.0
1134,Vermilion parish,LA,50055,0.0
1135,Vernon parish,LA,61961,0.0
1136,Washington parish,LA,43185,0.0
1137,Webster parish,LA,41989,0.0
1138,West baton rouge parish,LA,19419,0.0
1139,West carroll parish,LA,12093,0.0
1140,West feliciana parish,LA,12915,0.0
1141,Winn parish,LA,16269,0.0
1142,Androscoggin,ME,105259,25.0
1143,Aroostook,ME,86936,23.0
1144,Cumberland,ME,243135,61.0
1145,Franklin,ME,29008,7.0
1146,Hancock,ME,46948,17.0
1147,Kennebec,ME,115904,29.0
1148,Knox,ME,36310,12.0
1149,Lincoln,ME,30357,9.0
1150,Oxford,ME,52602,16.0
1151,Penobscot,ME,146601,48.0
1152,Piscataquis,ME,18653,3.0
1153,Sagadahoc,ME,33535,6.0
1154,Somerset,ME,49767,16.0
1155,Waldo,ME,33018,9.0
1156,Washington,ME,35308,12.0
1157,York,ME,164587,37.0
1158,Allegany,MD,74946,21.0
1159,Anne arundel,MD,427239,0.0
1160,Baltimore city,MD,736014,0.0
1161,Baltimore,MD,692134,179.0
1162,Calvert,MD,51372,2.0
1163,Caroline,MD,27035,4.0
1164,Carroll,MD,123372,19.0
1165,Cecil,MD,71347,18.0
1166,Charles,MD,101154,12.0
1167,Dorchester,MD,30236,2.0
1168,Frederick,MD,150208,32.0
1169,Garrett,MD,28138,14.0
1170,Harford,MD,182132,31.0
1171,Howard,MD,187328,22.0
1172,Kent,MD,17842,4.0
1173,Montgomery,MD,757027,106.0
1174,Prince george's,MD,729268,0.0
1175,Queen anne's,MD,33953,0.0
1176,Somerset,MD,23440,6.0
1177,St. mary's,MD,75974,0.0
1178,Talbot,MD,30549,8.0
1179,Washington,MD,121393,25.0
1180,Wicomico,MD,74339,10.0
1181,Worcester,MD,35028,8.0
1182,Barnstable,MA,186605,59.0
1183,Berkshire,MA,139352,39.0
1184,Bristol,MA,506325,109.0
1185,Dukes,MA,11639,1.0
1186,Essex,MA,670080,174.0
1187,Franklin,MA,70092,11.0
1188,Hampden,MA,456310,119.0
1189,Hampshire,MA,146568,29.0
1190,Middlesex,MA,1398468,336.0
1191,Nantucket,MA,6012,1.0
1192,Norfolk,MA,616087,170.0
1193,Plymouth,MA,435276,102.0
1194,Suffolk,MA,663906,154.0
1195,Worcester,MA,709705,154.0
1196,Alcona,MI,10145,7.0
1197,Alger,MI,8972,0.0
1198,Allegan,MI,90509,14.0
1199,Alpena,MI,30605,4.0
1200,Antrim,MI,18185,8.0
1201,Arenac,MI,14931,5.0
1202,Baraga,MI,7954,2.0
1203,Barry,MI,50057,7.0
1204,Bay,MI,111723,23.0
1205,Benzie,MI,12200,4.0
1206,Berrien,MI,161378,36.0
1207,Branch,MI,41502,12.0
1208,Calhoun,MI,135982,31.0
1209,Cass,MI,49477,7.0
1210,Charlevoix,MI,21468,8.0
1211,Cheboygan,MI,21398,8.0
1212,Chippewa,MI,34604,10.0
1213,Clare,MI,24952,6.0
1214,Clinton,MI,57883,9.0
1215,Crawford,MI,12260,3.0
1216,Delta,MI,37780,10.0
1217,Dickinson,MI,26831,4.0
1218,Eaton,MI,92879,17.0
1219,Emmet,MI,25040,6.0
1220,Genesee,MI,430459,105.0
1221,Gladwin,MI,21896,4.0
1222,Gogebic,MI,18052,3.0
1223,Grand traverse,MI,64273,0.0
1224,Gratiot,MI,38982,11.0
1225,Hillsdale,MI,43431,10.0
1226,Houghton,MI,35446,16.0
1227,Huron,MI,34951,17.0
1228,Ingham,MI,281912,30.0
1229,Ionia,MI,57024,14.0
1230,Iosco,MI,30209,9.0
1231,Iron,MI,13175,6.0
1232,Isabella,MI,54624,8.0
1233,Jackson,MI,149756,30.0
1234,Kalamazoo,MI,223411,48.0
1235,Kalkaska,MI,13497,1.0
1236,Kent,MI,500631,84.0
1237,Keweenaw,MI,1701,1.0
1238,Lake,MI,8583,2.0
1239,Lapeer,MI,74768,11.0
1240,Leelanau,MI,16527,3.0
1241,Lenawee,MI,91476,13.0
1242,Livingston,MI,115645,21.0
1243,Luce,MI,5763,5.0
1244,Mackinac,MI,10674,4.0
1245,Macomb,MI,717400,156.0
1246,Manistee,MI,21265,12.0
1247,Marquette,MI,70887,12.0
1248,Mason,MI,25537,9.0
1249,Mecosta,MI,37308,7.0
1250,Menominee,MI,24920,10.0
1251,Midland,MI,75651,14.0
1252,Missaukee,MI,12147,1.0
1253,Monroe,MI,133600,27.0
1254,Montcalm,MI,53059,7.0
1255,Montmorency,MI,8936,5.0
1256,Muskegon,MI,158983,25.0
1257,Newaygo,MI,38202,12.0
1258,Oakland,MI,1083592,234.0
1259,Oceana,MI,22454,6.0
1260,Ogemaw,MI,18681,10.0
1261,Ontonagon,MI,8854,4.0
1262,Osceola,MI,20146,3.0
1263,Oscoda,MI,7842,3.0
1264,Otsego,MI,17957,4.0
1265,Ottawa,MI,187768,36.0
1266,Presque isle,MI,13743,0.0
1267,Roscommon,MI,19776,11.0
1268,Saginaw,MI,211946,40.0
1269,Sanilac,MI,39928,9.0
1270,Schoolcraft,MI,8302,4.0
1271,Shiawassee,MI,69770,16.0
1272,St. clair,MI,145607,0.0
1273,St. joseph,MI,58913,0.0
1274,Tuscola,MI,55498,8.0
1275,Van buren,MI,70060,0.0
1276,Washtenaw,MI,282937,29.0
1277,Wayne,MI,2111687,360.0
1278,Wexford,MI,26360,9.0
1279,Aitkin,MN,12425,5.0
1280,Anoka,MN,243641,32.0
1281,Becker,MN,27881,7.0
1282,Beltrami,MN,34384,13.0
1283,Benton,MN,30185,7.0
1284,Big stone,MN,6285,0.0
1285,Blue earth,MN,54044,0.0
1286,Brown,MN,26984,8.0
1287,Carlton,MN,29259,5.0
1288,Carver,MN,47915,4.0
1289,Cass,MN,21791,8.0
1290,Chippewa,MN,13228,4.0
1291,Chisago,MN,30521,10.0
1292,Clay,MN,50422,20.0
1293,Clearwater,MN,8309,4.0
1294,Cook,MN,3868,0.0
1295,Cottonwood,MN,12694,3.0
1296,Crow wing,MN,44249,0.0
1297,Dakota,MN,275227,34.0
1298,Dodge,MN,15731,2.0
1299,Douglas,MN,28674,10.0
1300,Faribault,MN,16937,5.0
1301,Fillmore,MN,20777,11.0
1302,Freeborn,MN,33060,12.0
1303,Goodhue,MN,40690,11.0
1304,Grant,MN,6246,2.0
1305,Hennepin,MN,1032431,218.0
1306,Houston,MN,18497,9.0
1307,Hubbard,MN,14939,6.0
1308,Isanti,MN,25921,3.0
1309,Itasca,MN,40863,21.0
1310,Jackson,MN,11677,4.0
1311,Kanabec,MN,12802,2.0
1312,Kandiyohi,MN,38761,6.0
1313,Kittson,MN,5767,4.0
1314,Koochiching,MN,16299,5.0
1315,Lac qui parle,MN,8924,0.0
1316,Lake,MN,10415,2.0
1317,Lake of the woods,MN,4076,0.0
1318,Le sueur,MN,23239,0.0
1319,Lincoln,MN,6890,2.0
1320,Lyon,MN,24789,7.0
1321,Mahnomen,MN,5044,1.0
1322,Marshall,MN,10993,5.0
1323,Martin,MN,22914,9.0
1324,Mcleod,MN,32030,0.0
1325,Meeker,MN,20846,6.0
1326,Mille lacs,MN,18670,0.0
1327,Morrison,MN,29604,17.0
1328,Mower,MN,37385,11.0
1329,Murray,MN,9660,2.0
1330,Nicollet,MN,28076,7.0
1331,Nobles,MN,20098,7.0
1332,Norman,MN,7975,2.0
1333,Olmsted,MN,106470,15.0
1334,Otter tail,MN,50714,0.0
1335,Pennington,MN,13306,3.0
1336,Pine,MN,21264,3.0
1337,Pipestone,MN,10491,2.0
1338,Polk,MN,32498,15.0
1339,Pope,MN,10745,3.0
1340,Ramsey,MN,485765,118.0
1341,Red lake,MN,4525,0.0
1342,Redwood,MN,17254,4.0
1343,Renville,MN,17673,8.0
1344,Rice,MN,49183,7.0
1345,Rock,MN,9806,4.0
1346,Roseau,MN,15026,4.0
1347,Scott,MN,57846,11.0
1348,Sherburne,MN,41945,4.0
1349,Sibley,MN,14366,5.0
1350,St. louis,MN,198213,0.0
1351,Stearns,MN,118791,12.0
1352,Steele,MN,30729,6.0
1353,Stevens,MN,10634,5.0
1354,Swift,MN,10724,4.0
1355,Todd,MN,23363,13.0
1356,Traverse,MN,4463,3.0
1357,Wabasha,MN,19744,7.0
1358,Wadena,MN,13154,6.0
1359,Waseca,MN,18079,4.0
1360,Washington,MN,145896,22.0
1361,Watonwan,MN,11682,6.0
1362,Wilkin,MN,7516,4.0
1363,Winona,MN,47828,13.0
1364,Wright,MN,68710,25.0
1365,Yellow medicine,MN,11684,0.0
1366,Adams,MS,35356,5.0
1367,Alcorn,MS,31722,8.0
1368,Amite,MS,13328,0.0
1369,Attala,MS,18481,7.0
1370,Benton,MS,8046,0.0
1371,Bolivar,MS,41875,4.0
1372,Calhoun,MS,14908,3.0
1373,Carroll,MS,9237,4.0
1374,Chickasaw,MS,18085,0.0
1375,Choctaw,MS,9071,1.0
1376,Claiborne,MS,11370,2.0
1377,Clarke,MS,17313,1.0
1378,Clay,MS,21120,2.0
1379,Coahoma,MS,31665,1.0
1380,Copiah,MS,27592,2.0
1381,Covington,MS,16527,3.0
1382,Desoto,MS,67910,0.0
1383,Forrest,MS,68314,10.0
1384,Franklin,MS,8377,1.0
1385,George,MS,16673,4.0
1386,Greene,MS,10220,1.0
1387,Grenada,MS,21555,3.0
1388,Hancock,MS,31760,9.0
1389,Harrison,MS,165365,30.0
1390,Hinds,MS,254441,29.0
1391,Holmes,MS,21604,3.0
1392,Humphreys,MS,12134,1.0
1393,Issaquena,MS,1909,0.0
1394,Itawamba,MS,20017,5.0
1395,Jackson,MS,115243,16.0
1396,Jasper,MS,17114,4.0
1397,Jefferson,MS,8653,2.0
1398,Jefferson davis,MS,14051,0.0
1399,Jones,MS,62031,11.0
1400,Kemper,MS,10356,3.0
1401,Lafayette,MS,31826,6.0
1402,Lamar,MS,30424,0.0
1403,Lauderdale,MS,75555,13.0
1404,Lawrence,MS,12458,2.0
1405,Leake,MS,18436,0.0
1406,Lee,MS,65581,13.0
1407,Leflore,MS,37341,4.0
1408,Lincoln,MS,30278,5.0
1409,Lowndes,MS,59308,6.0
1410,Madison,MS,53794,5.0
1411,Marion,MS,25544,6.0
1412,Marshall,MS,30361,2.0
1413,Monroe,MS,36582,7.0
1414,Montgomery,MS,12388,6.0
1415,Neshoba,MS,24800,8.0
1416,Newton,MS,20291,4.0
1417,Noxubee,MS,12604,0.0
1418,Oktibbeha,MS,38375,3.0
1419,Panola,MS,29996,6.0
1420,Pearl river,MS,38714,0.0
1421,Perry,MS,10865,1.0
1422,Pike,MS,36882,6.0
1423,Pontotoc,MS,22237,2.0
1424,Prentiss,MS,23278,5.0
1425,Quitman,MS,10490,3.0
1426,Rankin,MS,87161,12.0
1427,Scott,MS,24137,3.0
1428,Sharkey,MS,7066,1.0
1429,Simpson,MS,23953,3.0
1430,Smith,MS,14798,2.0
1431,Stone,MS,10750,2.0
1432,Sunflower,MS,32867,1.0
1433,Tallahatchie,MS,15210,1.0
1434,Tate,MS,21432,2.0
1435,Tippah,MS,19523,5.0
1436,Tishomingo,MS,17683,3.0
1437,Tunica,MS,8164,2.0
1438,Union,MS,22085,6.0
1439,Walthall,MS,14352,4.0
1440,Warren,MS,47880,8.0
1441,Washington,MS,67935,1.0
1442,Wayne,MS,19517,3.0
1443,Webster,MS,10222,3.0
1444,Wilkinson,MS,9678,1.0
1445,Winston,MS,19433,2.0
1446,Yalobusha,MS,12033,3.0
1447,Yazoo,MS,25506,2.0
1448,Adair,MO,24577,4.0
1449,Andrew,MO,14632,4.0
1450,Atchison,MO,7457,3.0
1451,Audrain,MO,23599,9.0
1452,Barry,MO,27547,14.0
1453,Barton,MO,11312,4.0
1454,Bates,MO,15025,11.0
1455,Benton,MO,13859,2.0
1456,Bollinger,MO,10619,1.0
1457,Boone,MO,112379,16.0
1458,Buchanan,MO,83083,22.0
1459,Butler,MO,38765,14.0
1460,Caldwell,MO,8380,2.0
1461,Callaway,MO,32809,9.0
1462,Camden,MO,27495,9.0
1463,Cape girardeau,MO,61633,0.0
1464,Carroll,MO,10748,4.0
1465,Carter,MO,5515,3.0
1466,Cass,MO,63808,8.0
1467,Cedar,MO,12093,1.0
1468,Chariton,MO,9202,2.0
1469,Christian,MO,32644,8.0
1470,Clark,MO,7547,4.0
1471,Clay,MO,153411,34.0
1472,Clinton,MO,16595,3.0
1473,Cole,MO,63579,16.0
1474,Cooper,MO,14835,4.0
1475,Crawford,MO,19173,4.0
1476,Dade,MO,7449,4.0
1477,Dallas,MO,12646,4.0
1478,Daviess,MO,7865,2.0
1479,Dekalb,MO,9967,0.0
1480,Dent,MO,13702,3.0
1481,Douglas,MO,11876,2.0
1482,Dunklin,MO,33112,15.0
1483,Franklin,MO,80603,20.0
1484,Gasconade,MO,14006,13.0
1485,Gentry,MO,6848,3.0
1486,Greene,MO,207949,47.0
1487,Grundy,MO,10536,3.0
1488,Harrison,MO,8469,2.0
1489,Henry,MO,20044,4.0
1490,Hickory,MO,7335,3.0
1491,Holt,MO,6034,1.0
1492,Howard,MO,9631,5.0
1493,Howell,MO,31447,13.0
1494,Iron,MO,10726,3.0
1495,Jackson,MO,633232,145.0
1496,Jasper,MO,90465,26.0
1497,Jefferson,MO,171380,36.0
1498,Johnson,MO,42514,8.0
1499,Knox,MO,4482,2.0
1500,Laclede,MO,27158,3.0
1501,Lafayette,MO,31107,10.0
1502,Lawrence,MO,30236,7.0
1503,Lewis,MO,10233,3.0
1504,Lincoln,MO,28892,5.0
1505,Linn,MO,13885,8.0
1506,Livingston,MO,14592,2.0
1507,Macon,MO,15345,4.0
1508,Madison,MO,11127,5.0
1509,Maries,MO,7976,5.0
1510,Marion,MO,27682,11.0
1511,Mcdonald,MO,16938,0.0
1512,Mercer,MO,3723,0.0
1513,Miller,MO,20700,7.0
1514,Mississippi,MO,14442,4.0
1515,Moniteau,MO,12298,2.0
1516,Monroe,MO,9104,6.0
1517,Montgomery,MO,11355,3.0
1518,Morgan,MO,15574,7.0
1519,New madrid,MO,20928,0.0
1520,Newton,MO,44445,14.0
1521,Nodaway,MO,21709,4.0
1522,Oregon,MO,9470,0.0
1523,Osage,MO,12018,7.0
1524,Ozark,MO,8598,6.0
1525,Pemiscot,MO,21921,5.0
1526,Perry,MO,16648,4.0
1527,Pettis,MO,35437,9.0
1528,Phelps,MO,35248,10.0
1529,Pike,MO,15969,4.0
1530,Platte,MO,57867,6.0
1531,Polk,MO,21826,4.0
1532,Pulaski,MO,41307,2.0
1533,Putnam,MO,5079,2.0
1534,Ralls,MO,8476,4.0
1535,Randolph,MO,24370,10.0
1536,Ray,MO,21971,4.0
1537,Reynolds,MO,6661,3.0
1538,Ripley,MO,12303,2.0
1539,Saline,MO,23523,11.0
1540,Schuyler,MO,4236,1.0
1541,Scotland,MO,4822,2.0
1542,Scott,MO,39376,10.0
1543,Shannon,MO,7613,2.0
1544,Shelby,MO,6942,6.0
1545,St. charles,MO,212907,0.0
1546,St. clair,MO,8457,0.0
1547,St. francois,MO,48904,0.0
1548,St. louis city,MO,396685,0.0
1549,St. louis,MO,993529,0.0
1550,Ste. genevieve,MO,16037,0.0
1551,Stoddard,MO,28895,10.0
1552,Stone,MO,19078,6.0
1553,Sullivan,MO,6326,2.0
1554,Taney,MO,25561,13.0
1555,Texas,MO,21476,10.0
1556,Vernon,MO,19041,7.0
1557,Warren,MO,19534,6.0
1558,Washington,MO,20380,4.0
1559,Wayne,MO,11543,1.0
1560,Webster,MO,23753,5.0
1561,Worth,MO,2440,2.0
1562,Wright,MO,16758,9.0
1563,Beaverhead,MT,8424,2.0
1564,Big horn,MT,11337,0.0
1565,Blaine,MT,6728,2.0
1566,Broadwater,MT,3318,1.0
1567,Carbon,MT,8080,3.0
1568,Carter,MT,1503,0.0
1569,Cascade,MT,77691,25.0
1570,Chouteau,MT,5452,2.0
1571,Custer,MT,11697,2.0
1572,Daniels,MT,2266,2.0
1573,Dawson,MT,9505,2.0
1574,Deer lodge,MT,10278,0.0
1575,Fallon,MT,3103,1.0
1576,Fergus,MT,12083,3.0
1577,Flathead,MT,59218,8.0
1578,Gallatin,MT,50463,5.0
1579,Garfield,MT,1589,0.0
1580,Glacier,MT,12121,5.0
1581,Golden valley,MT,912,0.0
1582,Granite,MT,2548,2.0
1583,Hill,MT,17654,1.0
1584,Jefferson,MT,7939,0.0
1585,Judith basin,MT,2282,0.0
1586,Lake,MT,21041,9.0
1587,Lewis and clark,MT,47495,0.0
1588,Liberty,MT,2295,1.0
1589,Lincoln,MT,17481,5.0
1590,Madison,MT,5989,1.0
1591,Mccone,MT,2276,0.0
1592,Meagher,MT,1819,1.0
1593,Mineral,MT,3315,2.0
1594,Missoula,MT,78687,15.0
1595,Musselshell,MT,4106,2.0
1596,Park,MT,14562,5.0
1597,Petroleum,MT,519,0.0
1598,Phillips,MT,5163,2.0
1599,Pondera,MT,6433,2.0
1600,Powder river,MT,2090,0.0
1601,Powell,MT,6620,3.0
1602,Prairie,MT,1383,0.0
1603,Ravalli,MT,25010,3.0
1604,Richland,MT,10716,4.0
1605,Roosevelt,MT,10999,5.0
1606,Rosebud,MT,10505,1.0
1607,Sanders,MT,8669,2.0
1608,Sheridan,MT,4732,1.0
1609,Silver bow,MT,33941,0.0
1610,Stillwater,MT,6536,0.0
1611,Sweet grass,MT,3154,0.0
1612,Teton,MT,6271,2.0
1613,Toole,MT,5046,0.0
1614,Treasure,MT,874,0.0
1615,Valley,MT,8239,0.0
1616,Wheatland,MT,2246,1.0
1617,Wibaux,MT,1191,1.0
1618,Yellowstone,MT,113419,25.0
1619,Yellowstone national park,MT,52,0.0
1620,Adams,NE,29625,11.0
1621,Antelope,NE,7965,3.0
1622,Arthur,NE,462,0.0
1623,Banner,NE,852,0.0
1624,Blaine,NE,675,0.0
1625,Boone,NE,6667,1.0
1626,Box butte,NE,13130,0.0
1627,Boyd,NE,2835,0.0
1628,Brown,NE,3657,3.0
1629,Buffalo,NE,37447,7.0
1630,Burt,NE,7868,2.0
1631,Butler,NE,8601,4.0
1632,Cass,NE,21318,3.0
1633,Cedar,NE,10131,8.0
1634,Chase,NE,4381,0.0
1635,Cherry,NE,6307,1.0
1636,Cheyenne,NE,9494,4.0
1637,Clay,NE,7123,1.0
1638,Colfax,NE,9139,3.0
1639,Cuming,NE,10117,2.0
1640,Custer,NE,12270,5.0
1641,Dakota,NE,16742,6.0
1642,Dawes,NE,9021,3.0
1643,Dawson,NE,19940,4.0
1644,Deuel,NE,2237,0.0
1645,Dixon,NE,6143,3.0
1646,Dodge,NE,34500,8.0
1647,Douglas,NE,416444,94.0
1648,Dundy,NE,2582,1.0
1649,Fillmore,NE,7103,5.0
1650,Franklin,NE,3938,4.0
1651,Frontier,NE,3101,0.0
1652,Furnas,NE,5553,3.0
1653,Gage,NE,22794,5.0
1654,Garden,NE,2460,0.0
1655,Garfield,NE,2141,1.0
1656,Gosper,NE,1928,0.0
1657,Grant,NE,769,0.0
1658,Greeley,NE,3006,0.0
1659,Hall,NE,48925,8.0
1660,Hamilton,NE,8862,1.0
1661,Harlan,NE,3810,0.0
1662,Hayes,NE,1222,0.0
1663,Hitchcock,NE,3750,0.0
1664,Holt,NE,12599,3.0
1665,Hooker,NE,793,0.0
1666,Howard,NE,6055,1.0
1667,Jefferson,NE,8759,2.0
1668,Johnson,NE,4673,2.0
1669,Kearney,NE,6629,0.0
1670,Keith,NE,8584,2.0
1671,Keya paha,NE,1029,0.0
1672,Kimball,NE,4108,1.0
1673,Knox,NE,9534,4.0
1674,Lancaster,NE,213641,42.0
1675,Lincoln,NE,32508,9.0
1676,Logan,NE,878,0.0
1677,Loup,NE,683,0.0
1678,Madison,NE,32655,9.0
1679,Mcpherson,NE,546,0.0
1680,Merrick,NE,8042,1.0
1681,Morrill,NE,5423,1.0
1682,Nance,NE,4275,0.0
1683,Nemaha,NE,7980,2.0
1684,Nuckolls,NE,5786,1.0
1685,Otoe,NE,14252,3.0
1686,Pawnee,NE,3317,1.0
1687,Perkins,NE,3367,1.0
1688,Phelps,NE,9715,1.0
1689,Pierce,NE,7827,2.0
1690,Platte,NE,29820,9.0
1691,Polk,NE,5675,0.0
1692,Red willow,NE,11705,0.0
1693,Richardson,NE,9937,4.0
1694,Rock,NE,2019,1.0
1695,Saline,NE,12715,4.0
1696,Sarpy,NE,102583,15.0
1697,Saunders,NE,18285,9.0
1698,Scotts bluff,NE,36025,0.0
1699,Seward,NE,15450,3.0
1700,Sheridan,NE,6750,2.0
1701,Sherman,NE,3718,0.0
1702,Sioux,NE,1549,0.0
1703,Stanton,NE,6244,0.0
1704,Thayer,NE,6635,4.0
1705,Thomas,NE,851,0.0
1706,Thurston,NE,6936,2.0
1707,Valley,NE,5169,1.0
1708,Washington,NE,16607,2.0
1709,Wayne,NE,9364,2.0
1710,Webster,NE,4279,1.0
1711,Wheeler,NE,948,0.0
1712,York,NE,14428,2.0
1713,Carson city,NV,40443,0.0
1714,Churchill,NV,17938,7.0
1715,Clark,NV,741459,104.0
1716,Douglas,NV,27637,7.0
1717,Elko,NV,33530,3.0
1718,Esmeralda,NV,1344,0.0
1719,Eureka,NV,1547,1.0
1720,Humboldt,NV,12844,1.0
1721,Lander,NV,6266,1.0
1722,Lincoln,NV,3775,1.0
1723,Lyon,NV,20001,5.0
1724,Mineral,NV,6475,2.0
1725,Nye,NV,17781,1.0
1726,Pershing,NV,4336,2.0
1727,Storey,NV,2526,0.0
1728,Washoe,NV,254667,46.0
1729,White pine,NV,9264,0.0
1730,Belknap,NH,49216,0.0
1731,Carroll,NH,35410,0.0
1732,Cheshire,NH,70121,0.0
1733,Coos,NH,34828,0.0
1734,Grafton,NH,74929,0.0
1735,Hillsborough,NH,336073,0.0
1736,Merrimack,NH,120005,0.0
1737,Rockingham,NH,245845,0.0
1738,Strafford,NH,104233,0.0
1739,Sullivan,NH,38592,0.0
1740,Atlantic,NJ,224327,0.0
1741,Bergen,NJ,825380,0.0
1742,Burlington,NJ,395066,0.0
1743,Camden,NJ,502824,0.0
1744,Cape may,NJ,95089,0.0
1745,Cumberland,NJ,138053,0.0
1746,Essex,NJ,778206,0.0
1747,Gloucester,NJ,230082,0.0
1748,Hudson,NJ,553099,0.0
1749,Hunterdon,NJ,107776,0.0
1750,Mercer,NJ,325824,0.0
1751,Middlesex,NJ,671780,0.0
1752,Monmouth,NJ,553124,0.0
1753,Morris,NJ,421353,0.0
1754,Ocean,NJ,433203,0.0
1755,Passaic,NJ,453060,0.0
1756,Salem,NJ,65294,0.0
1757,Somerset,NJ,240279,0.0
1758,Sussex,NJ,130943,0.0
1759,Union,NJ,493819,0.0
1760,Warren,NJ,91607,0.0
1761,Bernalillo,NM,480577,0.0
1762,Catron,NM,2563,0.0
1763,Chaves,NM,57849,0.0
1764,Cibola,NM,23794,0.0
1765,Colfax,NM,12925,0.0
1766,Curry,NM,42207,0.0
1767,Debaca,NM,2252,0.0
1768,Dona ana,NM,135510,0.0
1769,Eddy,NM,48605,0.0
1770,Grant,NM,27676,0.0
1771,Guadalupe,NM,4156,0.0
1772,Harding,NM,987,0.0
1773,Hidalgo,NM,5958,0.0
1774,Lea,NM,55765,0.0
1775,Lincoln,NM,12219,0.0
1776,Los alamos,NM,18115,0.0
1777,Luna,NM,18110,0.0
1778,Mckinley,NM,60686,0.0
1779,Mora,NM,4264,0.0
1780,Otero,NM,51928,0.0
1781,Quay,NM,10823,0.0
1782,Rio arriba,NM,34365,0.0
1783,Roosevelt,NM,16702,0.0
1784,San juan,NM,91605,0.0
1785,San miguel,NM,25743,0.0
1786,Sandoval,NM,63319,0.0
1787,Santa fe,NM,98928,0.0
1788,Sierra,NM,9912,0.0
1789,Socorro,NM,14764,0.0
1790,Taos,NM,23118,0.0
1791,Torrance,NM,10285,0.0
1792,Union,NM,4124,0.0
1793,Valencia,NM,45235,0.0
1794,Albany,NY,292594,0.0
1795,Allegany,NY,50470,0.0
1796,Bronx,NY,1203789,0.0
1797,Broome,NY,212160,0.0
1798,Cattaraugus,NY,84234,0.0
1799,Cayuga,NY,82313,0.0
1800,Chautauqua,NY,141895,0.0
1801,Chemung,NY,95195,0.0
1802,Chenango,NY,51768,0.0
1803,Clinton,NY,85969,0.0
1804,Columbia,NY,62982,0.0
1805,Cortland,NY,48963,0.0
1806,Delaware,NY,47225,0.0
1807,Dutchess,NY,259462,0.0
1808,Erie,NY,968532,0.0
1809,Essex,NY,37152,0.0
1810,Franklin,NY,46540,0.0
1811,Fulton,NY,54191,0.0
1812,Genesee,NY,60060,0.0
1813,Greene,NY,44739,0.0
1814,Hamilton,NY,5279,0.0
1815,Herkimer,NY,65797,0.0
1816,Jefferson,NY,110943,0.0
1817,Kings,NY,2300664,0.0
1818,Lewis,NY,26796,0.0
1819,Livingston,NY,62372,0.0
1820,Madison,NY,69120,0.0
1821,Monroe,NY,713968,0.0
1822,Montgomery,NY,51981,0.0
1823,Nassau,NY,1287348,0.0
1824,New york,NY,1487536,0.0
1825,Niagara,NY,220756,0.0
1826,Oneida,NY,250836,0.0
1827,Onondaga,NY,468973,0.0
1828,Ontario,NY,95101,0.0
1829,Orange,NY,307647,0.0
1830,Orleans,NY,41846,0.0
1831,Oswego,NY,121771,0.0
1832,Otsego,NY,60517,0.0
1833,Putnam,NY,83941,0.0
1834,Queens,NY,1951598,0.0
1835,Rensselaer,NY,154429,0.0
1836,Richmond,NY,378977,0.0
1837,Rockland,NY,265475,0.0
1838,Saratoga,NY,181276,0.0
1839,Schenectady,NY,149285,0.0
1840,Schoharie,NY,31859,0.0
1841,Schuyler,NY,18662,0.0
1842,Seneca,NY,33683,0.0
1843,St. lawrence,NY,111974,0.0
1844,Steuben,NY,99088,0.0
1845,Suffolk,NY,1321864,0.0
1846,Sullivan,NY,69277,0.0
1847,Tioga,NY,52337,0.0
1848,Tompkins,NY,94097,0.0
1849,Ulster,NY,165304,0.0
1850,Warren,NY,59209,0.0
1851,Washington,NY,59330,0.0
1852,Wayne,NY,89123,0.0
1853,Westchester,NY,874866,0.0
1854,Wyoming,NY,42507,0.0
1855,Yates,NY,22810,0.0
1856,Alamance,NC,108213,0.0
1857,Alexander,NC,27544,0.0
1858,Alleghany,NC,9590,0.0
1859,Anson,NC,23474,0.0
1860,Ashe,NC,22209,0.0
1861,Avery,NC,14867,0.0
1862,Beaufort,NC,42283,0.0
1863,Bertie,NC,20388,0.0
1864,Bladen,NC,28663,0.0
1865,Brunswick,NC,50985,0.0
1866,Buncombe,NC,174821,0.0
1867,Burke,NC,75744,0.0
1868,Cabarrus,NC,98935,0.0
1869,Caldwell,NC,70709,0.0
1870,Camden,NC,5904,0.0
1871,Carteret,NC,52556,0.0
1872,Caswell,NC,20693,0.0
1873,Catawba,NC,118412,0.0
1874,Chatham,NC,38759,0.0
1875,Cherokee,NC,20170,0.0
1876,Chowan,NC,13506,0.0
1877,Clay,NC,7155,0.0
1878,Cleveland,NC,84714,0.0
1879,Columbus,NC,49587,0.0
1880,Craven,NC,81613,0.0
1881,Cumberland,NC,274566,0.0
1882,Currituck,NC,13736,0.0
1883,Dare,NC,22746,0.0
1884,Davidson,NC,126677,0.0
1885,Davie,NC,27859,0.0
1886,Duplin,NC,39995,0.0
1887,Durham,NC,181835,0.0
1888,Edgecombe,NC,56558,0.0
1889,Forsyth,NC,265878,0.0
1890,Franklin,NC,36414,0.0
1891,Gaston,NC,175093,0.0
1892,Gates,NC,9305,0.0
1893,Graham,NC,7196,0.0
1894,Granville,NC,38345,0.0
1895,Greene,NC,15384,0.0
1896,Guilford,NC,347420,0.0
1897,Halifax,NC,55516,0.0
1898,Harnett,NC,67822,0.0
1899,Haywood,NC,46942,0.0
1900,Henderson,NC,69285,0.0
1901,Hertford,NC,22523,0.0
1902,Hoke,NC,22856,0.0
1903,Hyde,NC,5411,0.0
1904,Iredell,NC,92931,0.0
1905,Jackson,NC,26846,0.0
1906,Johnston,NC,81306,0.0
1907,Jones,NC,9414,0.0
1908,Lee,NC,41374,0.0
1909,Lenoir,NC,57274,0.0
1910,Lincoln,NC,50319,0.0
1911,Macon,NC,23499,0.0
1912,Madison,NC,16953,0.0
1913,Martin,NC,25078,0.0
1914,Mcdowell,NC,35681,0.0
1915,Mecklenburg,NC,511433,0.0
1916,Mitchell,NC,14433,0.0
1917,Montgomery,NC,23346,0.0
1918,Moore,NC,59013,0.0
1919,Nash,NC,76677,0.0
1920,New hanover,NC,120284,0.0
1921,Northampton,NC,20798,0.0
1922,Onslow,NC,149838,0.0
1923,Orange,NC,93851,0.0
1924,Pamlico,NC,11372,0.0
1925,Pasquotank,NC,31298,0.0
1926,Pender,NC,28855,0.0
1927,Perquimans,NC,10447,0.0
1928,Person,NC,30180,0.0
1929,Pitt,NC,107924,0.0
1930,Polk,NC,14416,0.0
1931,Randolph,NC,106546,0.0
1932,Richmond,NC,44518,0.0
1933,Robeson,NC,105179,0.0
1934,Rockingham,NC,86064,0.0
1935,Rowan,NC,110605,0.0
1936,Rutherford,NC,56918,0.0
1937,Sampson,NC,47297,0.0
1938,Scotland,NC,33754,0.0
1939,Stanly,NC,51765,0.0
1940,Stokes,NC,37223,0.0
1941,Surry,NC,61704,0.0
1942,Swain,NC,11268,0.0
1943,Transylvania,NC,25520,0.0
1944,Tyrrell,NC,3856,0.0
1945,Union,NC,84211,0.0
1946,Vance,NC,38892,0.0
1947,Wake,NC,423380,0.0
1948,Warren,NC,17265,0.0
1949,Washington,NC,13997,0.0
1950,Watauga,NC,36952,0.0
1951,Wayne,NC,104666,0.0
1952,Wilkes,NC,59393,0.0
1953,Wilson,NC,66061,0.0
1954,Yadkin,NC,30488,0.0
1955,Yancey,NC,15419,0.0
1956,Adams,ND,3174,0.0
1957,Barnes,ND,12545,0.0
1958,Benson,ND,7198,0.0
1959,Billings,ND,1108,0.0
1960,Bottineau,ND,8011,0.0
1961,Bowman,ND,3596,0.0
1962,Burke,ND,3002,0.0
1963,Burleigh,ND,60131,0.0
1964,Cass,ND,102874,0.0
1965,Cavalier,ND,6064,0.0
1966,Dickey,ND,6107,0.0
1967,Divide,ND,2899,0.0
1968,Dunn,ND,4005,0.0
1969,Eddy,ND,2951,0.0
1970,Emmons,ND,4830,0.0
1971,Foster,ND,3983,0.0
1972,Golden valley,ND,2108,0.0
1973,Grand forks,ND,70683,0.0
1974,Grant,ND,3549,0.0
1975,Griggs,ND,3303,0.0
1976,Hettinger,ND,3445,0.0
1977,Kidder,ND,3332,0.0
1978,Lamoure,ND,5383,0.0
1979,Logan,ND,2847,0.0
1980,Mchenry,ND,6528,0.0
1981,Mcintosh,ND,4021,0.0
1982,Mckenzie,ND,6383,0.0
1983,Mclean,ND,10457,0.0
1984,Mercer,ND,9808,0.0
1985,Morton,ND,23700,0.0
1986,Mountrail,ND,7021,0.0
1987,Nelson,ND,4410,0.0
1988,Oliver,ND,2381,0.0
1989,Pembina,ND,9238,0.0
1990,Pierce,ND,5052,0.0
1991,Ramsey,ND,12681,0.0
1992,Ransom,ND,5921,0.0
1993,Renville,ND,3160,0.0
1994,Richland,ND,18148,0.0
1995,Rolette,ND,12772,0.0
1996,Sargent,ND,4549,0.0
1997,Sheridan,ND,2148,0.0
1998,Sioux,ND,3761,0.0
1999,Slope,ND,907,0.0
2000,Stark,ND,22832,0.0
2001,Steele,ND,2420,0.0
2002,Stutsman,ND,22241,0.0
2003,Towner,ND,3627,0.0
2004,Traill,ND,8752,0.0
2005,Walsh,ND,13840,0.0
2006,Ward,ND,57921,0.0
2007,Wells,ND,5864,0.0
2008,Williams,ND,21129,0.0
2009,Adams,OH,25371,5.0
2010,Allen,OH,109755,27.0
2011,Ashland,OH,47507,10.0
2012,Ashtabula,OH,99821,28.0
2013,Athens,OH,59549,11.0
2014,Auglaize,OH,44585,16.0
2015,Belmont,OH,71074,24.0
2016,Brown,OH,34966,9.0
2017,Butler,OH,291479,55.0
2018,Carroll,OH,26521,5.0
2019,Champaign,OH,36019,6.0
2020,Clark,OH,147548,37.0
2021,Clermont,OH,150187,20.0
2022,Clinton,OH,35415,12.0
2023,Columbiana,OH,108276,25.0
2024,Coshocton,OH,35427,8.0
2025,Crawford,OH,47870,14.0
2026,Cuyahoga,OH,1412140,325.0
2027,Darke,OH,53619,17.0
2028,Defiance,OH,39350,6.0
2029,Delaware,OH,66929,14.0
2030,Erie,OH,76779,19.0
2031,Fairfield,OH,103461,17.0
2032,Fayette,OH,27466,6.0
2033,Franklin,OH,961437,152.0
2034,Fulton,OH,38498,15.0
2035,Gallia,OH,30954,7.0
2036,Geauga,OH,81129,13.0
2037,Greene,OH,136731,27.0
2038,Guernsey,OH,39024,10.0
2039,Hamilton,OH,866228,176.0
2040,Hancock,OH,65536,23.0
2041,Hardin,OH,31111,10.0
2042,Harrison,OH,16085,4.0
2043,Henry,OH,29108,4.0
2044,Highland,OH,35728,4.0
2045,Hocking,OH,25533,4.0
2046,Holmes,OH,32849,7.0
2047,Huron,OH,56240,15.0
2048,Jackson,OH,30230,10.0
2049,Jefferson,OH,80298,18.0
2050,Knox,OH,47473,15.0
2051,Lake,OH,215499,39.0
2052,Lawrence,OH,61834,16.0
2053,Licking,OH,128300,24.0
2054,Logan,OH,42310,10.0
2055,Lorain,OH,271126,74.0
2056,Lucas,OH,462361,85.0
2057,Madison,OH,37068,8.0
2058,Mahoning,OH,264806,61.0
2059,Marion,OH,64274,13.0
2060,Medina,OH,122354,24.0
2061,Meigs,OH,22987,6.0
2062,Mercer,OH,39443,9.0
2063,Miami,OH,93182,24.0
2064,Monroe,OH,15497,5.0
2065,Montgomery,OH,573809,105.0
2066,Morgan,OH,14194,6.0
2067,Morrow,OH,27749,2.0
2068,Muskingum,OH,82068,18.0
2069,Noble,OH,11336,2.0
2070,Ottawa,OH,40029,12.0
2071,Paulding,OH,20488,5.0
2072,Perry,OH,31557,4.0
2073,Pickaway,OH,48255,13.0
2074,Pike,OH,24249,3.0
2075,Portage,OH,142585,28.0
2076,Preble,OH,40113,4.0
2077,Putnam,OH,33819,4.0
2078,Richland,OH,126137,24.0
2079,Ross,OH,69330,15.0
2080,Sandusky,OH,61963,20.0
2081,Scioto,OH,80327,27.0
2082,Seneca,OH,59733,18.0
2083,Shelby,OH,44915,5.0
2084,Stark,OH,367585,89.0
2085,Summit,OH,514990,114.0
2086,Trumbull,OH,227813,63.0
2087,Tuscarawas,OH,84090,27.0
2088,Union,OH,31969,6.0
2089,Van wert,OH,30464,0.0
2090,Vinton,OH,11098,2.0
2091,Warren,OH,113909,18.0
2092,Washington,OH,62254,15.0
2093,Wayne,OH,101461,28.0
2094,Williams,OH,36956,10.0
2095,Wood,OH,113269,28.0
2096,Wyandot,OH,22254,5.0
2097,Adair,OK,18421,6.0
2098,Alfalfa,OK,6416,4.0
2099,Atoka,OK,12778,1.0
2100,Beaver,OK,6023,0.0
2101,Beckham,OK,18812,4.0
2102,Blaine,OK,11470,1.0
2103,Bryan,OK,32089,8.0
2104,Caddo,OK,29550,9.0
2105,Canadian,OK,74409,8.0
2106,Carter,OK,42919,12.0
2107,Cherokee,OK,34049,7.0
2108,Choctaw,OK,15302,5.0
2109,Cimarron,OK,3301,1.0
2110,Cleveland,OK,174253,17.0
2111,Coal,OK,5780,2.0
2112,Comanche,OK,111486,14.0
2113,Cotton,OK,6651,4.0
2114,Craig,OK,14104,4.0
2115,Creek,OK,60915,15.0
2116,Custer,OK,26897,4.0
2117,Delaware,OK,28070,4.0
2118,Dewey,OK,5551,6.0
2119,Ellis,OK,4497,1.0
2120,Garfield,OK,56735,17.0
2121,Garvin,OK,26605,3.0
2122,Grady,OK,41747,17.0
2123,Grant,OK,5689,2.0
2124,Greer,OK,6559,3.0
2125,Harmon,OK,3793,1.0
2126,Harper,OK,4063,1.0
2127,Haskell,OK,10940,6.0
2128,Hughes,OK,13023,0.0
2129,Jackson,OK,28764,4.0
2130,Jefferson,OK,7010,3.0
2131,Johnston,OK,10032,1.0
2132,Kay,OK,48056,18.0
2133,Kingfisher,OK,13212,2.0
2134,Kiowa,OK,11347,9.0
2135,Latimer,OK,10333,3.0
2136,Le flore,OK,43270,0.0
2137,Lincoln,OK,29216,9.0
2138,Logan,OK,29011,4.0
2139,Love,OK,8157,1.0
2140,Major,OK,8055,3.0
2141,Marshall,OK,10829,4.0
2142,Mayes,OK,33366,10.0
2143,Mcclain,OK,22795,0.0
2144,Mccurtain,OK,33433,0.0
2145,Mcintosh,OK,16779,0.0
2146,Murray,OK,12042,3.0
2147,Muskogee,OK,68078,15.0
2148,Noble,OK,11045,2.0
2149,Nowata,OK,9992,4.0
2150,Okfuskee,OK,11551,5.0
2151,Oklahoma,OK,599611,122.0
2152,Okmulgee,OK,36490,9.0
2153,Osage,OK,41645,12.0
2154,Ottawa,OK,30561,11.0
2155,Pawnee,OK,15575,7.0
2156,Payne,OK,61507,15.0
2157,Pittsburg,OK,40581,13.0
2158,Pontotoc,OK,34119,4.0
2159,Pottawatomie,OK,58760,21.0
2160,Pushmataha,OK,10997,6.0
2161,Roger mills,OK,4147,0.0
2162,Rogers,OK,55170,14.0
2163,Seminole,OK,25412,5.0
2164,Sequoyah,OK,33828,13.0
2165,Stephens,OK,42299,20.0
2166,Texas,OK,16419,0.0
2167,Tillman,OK,10384,4.0
2168,Tulsa,OK,503341,106.0
2169,Wagoner,OK,47883,6.0
2170,Washington,OK,48066,16.0
2171,Washita,OK,11441,5.0
2172,Woods,OK,9103,2.0
2173,Woodward,OK,18976,5.0
2174,Baker,OR,15317,6.0
2175,Benton,OR,70811,12.0
2176,Clackamas,OR,278850,55.0
2177,Clatsop,OR,33301,15.0
2178,Columbia,OR,37557,10.0
2179,Coos,OR,60273,18.0
2180,Crook,OR,14111,7.0
2181,Curry,OR,19327,6.0
2182,Deschutes,OR,74958,10.0
2183,Douglas,OR,94649,34.0
2184,Gilliam,OR,1717,2.0
2185,Grant,OR,7853,1.0
2186,Harney,OR,7060,1.0
2187,Hood river,OR,16903,0.0
2188,Jackson,OR,146389,26.0
2189,Jefferson,OR,13676,3.0
2190,Josephine,OR,62649,18.0
2191,Klamath,OR,57702,12.0
2192,Lake,OR,7186,2.0
2193,Lane,OR,282912,50.0
2194,Lincoln,OR,38889,17.0
2195,Linn,OR,91227,25.0
2196,Malheur,OR,26038,7.0
2197,Marion,OR,228483,50.0
2198,Morrow,OR,7625,1.0
2199,Multnomah,OR,583887,132.0
2200,Polk,OR,49541,7.0
2201,Sherman,OR,1918,1.0
2202,Tillamook,OR,21570,9.0
2203,Umatilla,OR,59249,18.0
2204,Union,OR,23598,6.0
2205,Wallowa,OR,6911,2.0
2206,Wasco,OR,21683,6.0
2207,Washington,OR,311554,47.0
2208,Wheeler,OR,1396,1.0
2209,Yamhill,OR,65551,18.0
2210,Adams,PA,78274,18.0
2211,Allegheny,PA,1336449,339.0
2212,Armstrong,PA,73478,17.0
2213,Beaver,PA,186093,50.0
2214,Bedford,PA,47919,7.0
2215,Berks,PA,336523,80.0
2216,Blair,PA,130542,36.0
2217,Bradford,PA,60967,8.0
2218,Bucks,PA,541174,99.0
2219,Butler,PA,152013,30.0
2220,Cambria,PA,163029,62.0
2221,Cameron,PA,5913,2.0
2222,Carbon,PA,56846,8.0
2223,Centre,PA,123786,17.0
2224,Chester,PA,376396,70.0
2225,Clarion,PA,41699,18.0
2226,Clearfield,PA,78097,29.0
2227,Clinton,PA,37182,7.0
2228,Columbia,PA,63202,18.0
2229,Crawford,PA,86169,23.0
2230,Cumberland,PA,195257,36.0
2231,Dauphin,PA,237813,64.0
2232,Delaware,PA,547651,138.0
2233,Elk,PA,34878,14.0
2234,Erie,PA,275572,62.0
2235,Fayette,PA,145351,41.0
2236,Forest,PA,4802,3.0
2237,Franklin,PA,121082,42.0
2238,Fulton,PA,13837,4.0
2239,Greene,PA,39550,9.0
2240,Huntingdon,PA,44164,15.0
2241,Indiana,PA,89994,18.0
2242,Jefferson,PA,46083,9.0
2243,Juniata,PA,20625,3.0
2244,Lackawanna,PA,219039,87.0
2245,Lancaster,PA,422822,91.0
2246,Lawrence,PA,96246,28.0
2247,Lebanon,PA,113744,28.0
2248,Lehigh,PA,291130,77.0
2249,Luzerne,PA,328149,99.0
2250,Lycoming,PA,118710,33.0
2251,Mc kean,PA,47131,0.0
2252,Mercer,PA,121003,35.0
2253,Mifflin,PA,46197,25.0
2254,Monroe,PA,95709,18.0
2255,Montgomery,PA,678111,150.0
2256,Montour,PA,17735,9.0
2257,Northampton,PA,247105,79.0
2258,Northumberland,PA,96771,23.0
2259,Perry,PA,41172,6.0
2260,Philadelphia,PA,1585577,305.0
2261,Pike,PA,27966,7.0
2262,Potter,PA,16717,3.0
2263,Schuylkill,PA,152585,55.0
2264,Snyder,PA,36680,5.0
2265,Somerset,PA,78218,30.0
2266,Sullivan,PA,6104,3.0
2267,Susquehanna,PA,40380,3.0
2268,Tioga,PA,41126,13.0
2269,Union,PA,36176,11.0
2270,Venango,PA,59381,17.0
2271,Warren,PA,45050,10.0
2272,Washington,PA,204584,46.0
2273,Wayne,PA,39944,10.0
2274,Westmoreland,PA,370321,118.0
2275,Wyoming,PA,28076,5.0
2276,York,PA,339574,78.0
2277,Bristol,RI,48859,0.0
2278,Kent,RI,161135,0.0
2279,Newport,RI,87194,0.0
2280,Providence,RI,596270,0.0
2281,Washington,RI,110006,0.0
2282,Abbeville,SC,23862,0.0
2283,Aiken,SC,120940,0.0
2284,Allendale,SC,11722,0.0
2285,Anderson,SC,145196,0.0
2286,Bamberg,SC,16902,0.0
2287,Barnwell,SC,20293,0.0
2288,Beaufort,SC,86425,0.0
2289,Berkeley,SC,128776,0.0
2290,Calhoun,SC,12753,0.0
2291,Charleston,SC,295039,0.0
2292,Cherokee,SC,44506,0.0
2293,Chester,SC,32170,0.0
2294,Chesterfield,SC,38577,0.0
2295,Clarendon,SC,28450,0.0
2296,Colleton,SC,34377,0.0
2297,Darlington,SC,61851,0.0
2298,Dillon,SC,29114,0.0
2299,Dorchester,SC,83060,0.0
2300,Edgefield,SC,18375,0.0
2301,Fairfield,SC,22295,0.0
2302,Florence,SC,114344,0.0
2303,Georgetown,SC,46302,0.0
2304,Greenville,SC,320167,0.0
2305,Greenwood,SC,59567,0.0
2306,Hampton,SC,18191,0.0
2307,Horry,SC,144053,0.0
2308,Jasper,SC,15487,0.0
2309,Kershaw,SC,43599,0.0
2310,Lancaster,SC,54516,0.0
2311,Laurens,SC,58092,0.0
2312,Lee,SC,18437,0.0
2313,Lexington,SC,167611,0.0
2314,Marion,SC,33899,0.0
2315,Marlboro,SC,29361,0.0
2316,Mccormick,SC,8868,0.0
2317,Newberry,SC,33172,0.0
2318,Oconee,SC,57494,0.0
2319,Orangeburg,SC,84803,0.0
2320,Pickens,SC,93894,0.0
2321,Richland,SC,285720,0.0
2322,Saluda,SC,16357,0.0
2323,Spartanburg,SC,226800,0.0
2324,Sumter,SC,102637,0.0
2325,Union,SC,30337,0.0
2326,Williamsburg,SC,36815,0.0
2327,York,SC,131497,0.0
2328,Aurora,SD,3135,0.0
2329,Beadle,SD,18253,0.0
2330,Bennett,SD,3206,0.0
2331,Bon homme,SD,7089,0.0
2332,Brookings,SD,25207,0.0
2333,Brown,SD,35580,0.0
2334,Brule,SD,5485,0.0
2335,Buffalo,SD,1759,0.0
2336,Butte,SD,7914,0.0
2337,Campbell,SD,1965,0.0
2338,Charles mix,SD,9131,0.0
2339,Clark,SD,4403,0.0
2340,Clay,SD,13186,0.0
2341,Codington,SD,22698,0.0
2342,Corson,SD,4195,0.0
2343,Custer,SD,6179,0.0
2344,Davison,SD,17503,0.0
2345,Day,SD,6978,0.0
2346,Deuel,SD,4522,0.0
2347,Dewey,SD,5523,0.0
2348,Douglas,SD,3746,0.0
2349,Edmunds,SD,4356,0.0
2350,Fall river,SD,7353,0.0
2351,Faulk,SD,2744,0.0
2352,Grant,SD,8372,0.0
2353,Gregory,SD,5359,0.0
2354,Haakon,SD,2624,0.0
2355,Hamlin,SD,4974,0.0
2356,Hand,SD,4272,0.0
2357,Hanson,SD,2994,0.0
2358,Harding,SD,1669,0.0
2359,Hughes,SD,14817,0.0
2360,Hutchinson,SD,8262,0.0
2361,Hyde,SD,1696,0.0
2362,Jackson,SD,1811,0.0
2363,Jerauld,SD,2425,0.0
2364,Jones,SD,1324,0.0
2365,Kingsbury,SD,5925,0.0
2366,Lake,SD,10550,0.0
2367,Lawrence,SD,20655,0.0
2368,Lincoln,SD,15427,0.0
2369,Lyman,SD,3638,0.0
2370,Marshall,SD,4844,0.0
2371,Mccook,SD,5688,0.0
2372,Mcpherson,SD,3228,0.0
2373,Meade,SD,21878,0.0
2374,Mellette,SD,2137,0.0
2375,Miner,SD,3272,0.0
2376,Minnehaha,SD,123809,0.0
2377,Moody,SD,6507,0.0
2378,Pennington,SD,81343,0.0
2379,Perkins,SD,3932,0.0
2380,Potter,SD,3190,0.0
2381,Roberts,SD,9914,0.0
2382,Sanborn,SD,2833,0.0
2383,Shannon,SD,9902,0.0
2384,Spink,SD,7981,0.0
2385,Stanley,SD,2453,0.0
2386,Sully,SD,1589,0.0
2387,Todd,SD,8352,0.0
2388,Tripp,SD,6924,0.0
2389,Turner,SD,8576,0.0
2390,Union,SD,10189,0.0
2391,Walworth,SD,6087,0.0
2392,Washabaugh,SD,1000,0.0
2393,Yankton,SD,19252,0.0
2394,Ziebach,SD,2220,0.0
2395,Anderson,TN,68250,12.0
2396,Bedford,TN,30411,6.0
2397,Benton,TN,14524,3.0
2398,Bledsoe,TN,9669,1.0
2399,Blount,TN,85969,22.0
2400,Bradley,TN,73712,11.0
2401,Campbell,TN,35079,12.0
2402,Cannon,TN,10467,4.0
2403,Carroll,TN,27514,9.0
2404,Carter,TN,51505,11.0
2405,Cheatham,TN,27140,4.0
2406,Chester,TN,12819,2.0
2407,Claiborne,TN,26137,7.0
2408,Clay,TN,7238,1.0
2409,Cocke,TN,29141,8.0
2410,Coffee,TN,40339,8.0
2411,Crockett,TN,13378,2.0
2412,Cumberland,TN,34736,4.0
2413,Davidson,TN,510784,91.0
2414,Decatur,TN,10472,5.0
2415,Dekalb,TN,14360,0.0
2416,Dickson,TN,35061,5.0
2417,Dyer,TN,34854,4.0
2418,Fayette,TN,25559,2.0
2419,Fentress,TN,14669,4.0
2420,Franklin,TN,34725,4.0
2421,Gibson,TN,46315,15.0
2422,Giles,TN,25741,4.0
2423,Grainger,TN,17095,1.0
2424,Greene,TN,55853,15.0
2425,Grundy,TN,13362,2.0
2426,Hamblen,TN,50480,11.0
2427,Hamilton,TN,285536,58.0
2428,Hancock,TN,6739,4.0
2429,Hardeman,TN,23377,6.0
2430,Hardin,TN,22633,3.0
2431,Hawkins,TN,44565,4.0
2432,Haywood,TN,19437,1.0
2433,Henderson,TN,21844,9.0
2434,Henry,TN,27888,15.0
2435,Hickman,TN,16754,8.0
2436,Houston,TN,7018,2.0
2437,Humphreys,TN,15795,4.0
2438,Jackson,TN,9297,0.0
2439,Jefferson,TN,33016,5.0
2440,Johnson,TN,13766,7.0
2441,Knox,TN,335749,72.0
2442,Lake,TN,7129,4.0
2443,Lauderdale,TN,23491,4.0
2444,Lawrence,TN,35303,8.0
2445,Lewis,TN,9247,3.0
2446,Lincoln,TN,28157,5.0
2447,Loudon,TN,31255,15.0
2448,Macon,TN,15906,2.0
2449,Madison,TN,77982,17.0
2450,Marion,TN,24860,5.0
2451,Marshall,TN,21539,7.0
2452,Maury,TN,54812,12.0
2453,Mcminn,TN,42383,0.0
2454,Mcnairy,TN,22422,0.0
2455,Meigs,TN,8033,2.0
2456,Monroe,TN,30541,7.0
2457,Montgomery,TN,100498,16.0
2458,Moore,TN,4721,1.0
2459,Morgan,TN,17300,7.0
2460,Obion,TN,31717,8.0
2461,Overton,TN,17636,5.0
2462,Perry,TN,6612,1.0
2463,Pickett,TN,4548,1.0
2464,Polk,TN,13643,5.0
2465,Putnam,TN,51373,11.0
2466,Rhea,TN,24344,4.0
2467,Roane,TN,47227,5.0
2468,Robertson,TN,41494,6.0
2469,Rutherford,TN,118570,15.0
2470,Scott,TN,18358,4.0
2471,Sequatchie,TN,8863,1.0
2472,Sevier,TN,51043,13.0
2473,Shelby,TN,826330,116.0
2474,Smith,TN,14143,4.0
2475,Stewart,TN,9479,1.0
2476,Sullivan,TN,143596,20.0
2477,Sumner,TN,103281,13.0
2478,Tipton,TN,37568,2.0
2479,Trousdale,TN,5920,1.0
2480,Unicoi,TN,16549,5.0
2481,Union,TN,13694,7.0
2482,Van buren,TN,4846,0.0
2483,Warren,TN,32992,8.0
2484,Washington,TN,92315,16.0
2485,Wayne,TN,13935,4.0
2486,Weakley,TN,31972,10.0
2487,White,TN,20090,4.0
2488,Williamson,TN,81021,14.0
2489,Wilson,TN,67675,6.0
2490,Anderson,TX,48024,12.0
2491,Andrews,TX,14338,3.0
2492,Angelina,TX,69884,10.0
2493,Aransas,TX,17892,4.0
2494,Archer,TX,7973,2.0
2495,Armstrong,TX,2021,1.0
2496,Atascosa,TX,30533,5.0
2497,Austin,TX,19832,12.0
2498,Bailey,TX,7064,0.0
2499,Bandera,TX,10562,4.0
2500,Bastrop,TX,38263,8.0
2501,Baylor,TX,4385,2.0
2502,Bee,TX,25135,7.0
2503,Bell,TX,191088,24.0
2504,Bexar,TX,1185394,191.0
2505,Blanco,TX,5972,2.0
2506,Borden,TX,799,0.0
2507,Bosque,TX,15125,8.0
2508,Bowie,TX,81665,16.0
2509,Brazoria,TX,191707,23.0
2510,Brazos,TX,121862,15.0
2511,Brewster,TX,8681,2.0
2512,Briscoe,TX,1971,0.0
2513,Brooks,TX,8204,2.0
2514,Brown,TX,34371,11.0
2515,Burleson,TX,13625,4.0
2516,Burnet,TX,22677,7.0
2517,Caldwell,TX,26392,9.0
2518,Calhoun,TX,19053,4.0
2519,Callahan,TX,11859,5.0
2520,Cameron,TX,260120,33.0
2521,Camp,TX,9904,0.0
2522,Carson,TX,6576,0.0
2523,Cass,TX,29982,9.0
2524,Castro,TX,9070,0.0
2525,Chambers,TX,20088,4.0
2526,Cherokee,TX,41049,10.0
2527,Childress,TX,5953,2.0
2528,Clay,TX,10024,2.0
2529,Cochran,TX,4377,1.0
2530,Coke,TX,3424,2.0
2531,Coleman,TX,9710,3.0
2532,Collin,TX,264036,29.0
2533,Collingsworth,TX,3573,2.0
2534,Colorado,TX,18383,5.0
2535,Comal,TX,51832,13.0
2536,Comanche,TX,13381,6.0
2537,Concho,TX,3044,0.0
2538,Cooke,TX,30777,6.0
2539,Coryell,TX,64213,3.0
2540,Cottle,TX,2247,2.0
2541,Crane,TX,4652,0.0
2542,Crockett,TX,4078,1.0
2543,Crosby,TX,7304,2.0
2544,Culberson,TX,3407,0.0
2545,Dallam,TX,5461,0.0
2546,Dallas,TX,1852810,267.0
2547,Dawson,TX,14349,6.0
2548,Deaf smith,TX,19153,0.0
2549,Delta,TX,4857,1.0
2550,Denton,TX,273525,30.0
2551,Dewitt,TX,18840,0.0
2552,Dickens,TX,2571,2.0
2553,Dimmit,TX,10433,0.0
2554,Donley,TX,3696,0.0
2555,Duval,TX,12918,1.0
2556,Eastland,TX,18488,3.0
2557,Ector,TX,118934,30.0
2558,Edwards,TX,2266,0.0
2559,El paso,TX,591610,0.0
2560,Ellis,TX,85167,8.0
2561,Erath,TX,27991,5.0
2562,Falls,TX,17712,6.0
2563,Fannin,TX,24804,4.0
2564,Fayette,TX,20095,7.0
2565,Fisher,TX,4842,1.0
2566,Floyd,TX,8497,2.0
2567,Foard,TX,1794,1.0
2568,Fort bend,TX,225421,0.0
2569,Franklin,TX,7802,1.0
2570,Freestone,TX,15818,2.0
2571,Frio,TX,13472,1.0
2572,Gaines,TX,14123,0.0
2573,Galveston,TX,217399,36.0
2574,Garza,TX,5143,2.0
2575,Gillespie,TX,17204,5.0
2576,Glasscock,TX,1447,0.0
2577,Goliad,TX,5980,2.0
2578,Gonzales,TX,17205,13.0
2579,Gray,TX,23967,1.0
2580,Grayson,TX,95021,18.0
2581,Gregg,TX,104948,18.0
2582,Grimes,TX,18828,6.0
2583,Guadalupe,TX,64873,13.0
2584,Hale,TX,34671,11.0
2585,Hall,TX,3905,1.0
2586,Hamilton,TX,7733,4.0
2587,Hansford,TX,5848,3.0
2588,Hardeman,TX,5283,3.0
2589,Hardin,TX,41320,13.0
2590,Harris,TX,2818199,321.0
2591,Harrison,TX,57483,10.0
2592,Hartley,TX,3634,1.0
2593,Haskell,TX,6820,4.0
2594,Hays,TX,65614,5.0
2595,Hemphill,TX,3720,0.0
2596,Henderson,TX,58543,13.0
2597,Hidalgo,TX,383545,34.0
2598,Hill,TX,27146,9.0
2599,Hockley,TX,24199,2.0
2600,Hood,TX,28981,3.0
2601,Hopkins,TX,28833,9.0
2602,Houston,TX,21375,6.0
2603,Howard,TX,32343,6.0
2604,Hudspeth,TX,2915,0.0
2605,Hunt,TX,64343,7.0
2606,Hutchinson,TX,25689,10.0
2607,Irion,TX,1629,0.0
2608,Jack,TX,6981,0.0
2609,Jackson,TX,13039,5.0
2610,Jasper,TX,31102,8.0
2611,Jeff davis,TX,1946,0.0
2612,Jefferson,TX,239397,57.0
2613,Jim hogg,TX,5109,0.0
2614,Jim wells,TX,37679,0.0
2615,Johnson,TX,97165,15.0
2616,Jones,TX,16490,6.0
2617,Karnes,TX,12455,2.0
2618,Kaufman,TX,52220,5.0
2619,Kendall,TX,14589,1.0
2620,Kenedy,TX,460,0.0
2621,Kent,TX,1010,1.0
2622,Kerr,TX,36304,11.0
2623,Kimble,TX,4122,2.0
2624,King,TX,354,0.0
2625,Kinney,TX,3119,0.0
2626,Kleberg,TX,30274,6.0
2627,Knox,TX,4837,3.0
2628,La salle,TX,5254,0.0
2629,Lamar,TX,43949,14.0
2630,Lamb,TX,15072,3.0
2631,Lampasas,TX,13521,4.0
2632,Lavaca,TX,18690,8.0
2633,Lee,TX,12854,4.0
2634,Leon,TX,12665,4.0
2635,Liberty,TX,52726,14.0
2636,Limestone,TX,20946,5.0
2637,Lipscomb,TX,3143,1.0
2638,Live oak,TX,9556,0.0
2639,Llano,TX,11631,7.0
2640,Loving,TX,107,0.0
2641,Lubbock,TX,222636,36.0
2642,Lynn,TX,6758,1.0
2643,Madison,TX,10931,2.0
2644,Marion,TX,9984,3.0
2645,Martin,TX,4956,0.0
2646,Mason,TX,3423,3.0
2647,Matagorda,TX,36928,10.0
2648,Maverick,TX,36378,3.0
2649,Mcculloch,TX,8778,0.0
2650,Mclennan,TX,189123,0.0
2651,Mcmullen,TX,817,0.0
2652,Medina,TX,27312,4.0
2653,Menard,TX,2252,0.0
2654,Midland,TX,106611,16.0
2655,Milam,TX,22946,10.0
2656,Mills,TX,4531,4.0
2657,Mitchell,TX,8016,4.0
2658,Montague,TX,17274,4.0
2659,Montgomery,TX,182201,15.0
2660,Moore,TX,17865,3.0
2661,Morris,TX,13200,1.0
2662,Motley,TX,1532,1.0
2663,Nacogdoches,TX,54753,11.0
2664,Navarro,TX,39926,12.0
2665,Newton,TX,13569,3.0
2666,Nolan,TX,16594,8.0
2667,Nueces,TX,291145,51.0
2668,Ochiltree,TX,9128,0.0
2669,Oldham,TX,2278,0.0
2670,Orange,TX,80509,8.0
2671,Palo pinto,TX,25055,0.0
2672,Panola,TX,22035,5.0
2673,Parker,TX,64785,7.0
2674,Parmer,TX,9863,0.0
2675,Pecos,TX,14675,0.0
2676,Polk,TX,30687,9.0
2677,Potter,TX,97874,22.0
2678,Presidio,TX,6637,0.0
2679,Rains,TX,6715,2.0
2680,Randall,TX,89673,20.0
2681,Reagan,TX,4514,0.0
2682,Real,TX,2412,1.0
2683,Red river,TX,14317,0.0
2684,Reeves,TX,15852,3.0
2685,Refugio,TX,7976,1.0
2686,Roberts,TX,1025,0.0
2687,Robertson,TX,15511,5.0
2688,Rockwall,TX,25604,1.0
2689,Runnels,TX,11294,5.0
2690,Rusk,TX,43735,9.0
2691,Sabine,TX,9586,1.0
2692,San augustine,TX,7999,0.0
2693,San jacinto,TX,16372,0.0
2694,San patricio,TX,58749,0.0
2695,San saba,TX,5401,0.0
2696,Schleicher,TX,2990,1.0
2697,Scurry,TX,18634,9.0
2698,Shackelford,TX,3316,3.0
2699,Shelby,TX,22034,5.0
2700,Sherman,TX,2858,0.0
2701,Smith,TX,151309,16.0
2702,Somervell,TX,5360,1.0
2703,Starr,TX,40518,4.0
2704,Stephens,TX,9010,2.0
2705,Sterling,TX,1438,0.0
2706,Stonewall,TX,2013,0.0
2707,Sutton,TX,4135,0.0
2708,Swisher,TX,8133,1.0
2709,Tarrant,TX,1170103,203.0
2710,Taylor,TX,119655,26.0
2711,Terrell,TX,1410,0.0
2712,Terry,TX,13218,1.0
2713,Throckmorton,TX,1880,0.0
2714,Titus,TX,24009,6.0
2715,Tom green,TX,98458,0.0
2716,Travis,TX,576407,74.0
2717,Trinity,TX,11445,2.0
2718,Tyler,TX,16646,4.0
2719,Upshur,TX,31370,7.0
2720,Upton,TX,4447,1.0
2721,Uvalde,TX,23340,2.0
2722,Val verde,TX,38721,0.0
2723,Van zandt,TX,37944,0.0
2724,Victoria,TX,74361,17.0
2725,Walker,TX,50917,3.0
2726,Waller,TX,23390,2.0
2727,Ward,TX,13115,2.0
2728,Washington,TX,26154,12.0
2729,Webb,TX,133239,17.0
2730,Wharton,TX,39955,8.0
2731,Wheeler,TX,5879,4.0
2732,Wichita,TX,122378,26.0
2733,Wilbarger,TX,15121,8.0
2734,Willacy,TX,17705,0.0
2735,Williamson,TX,139551,17.0
2736,Wilson,TX,22650,1.0
2737,Winkler,TX,8626,3.0
2738,Wise,TX,34679,7.0
2739,Wood,TX,29380,13.0
2740,Yoakum,TX,8786,0.0
2741,Young,TX,18126,7.0
2742,Zapata,TX,9279,2.0
2743,Zavala,TX,12162,3.0
2744,Beaver,UT,4765,2.0
2745,Box elder,UT,36485,0.0
2746,Cache,UT,70183,2.0
2747,Carbon,UT,20228,5.0
2748,Daggett,UT,690,0.0
2749,Davis,UT,187941,17.0
2750,Duchesne,UT,12645,0.0
2751,Emery,UT,10332,1.0
2752,Garfield,UT,3980,1.0
2753,Grand,UT,6620,2.0
2754,Iron,UT,20789,4.0
2755,Juab,UT,5817,0.0
2756,Kane,UT,5169,0.0
2757,Millard,UT,11333,5.0
2758,Morgan,UT,5528,1.0
2759,Piute,UT,1277,0.0
2760,Rich,UT,1725,0.0
2761,Salt lake,UT,725956,0.0
2762,San juan,UT,12621,0.0
2763,Sanpete,UT,16259,6.0
2764,Sevier,UT,15431,1.0
2765,Summit,UT,15518,1.0
2766,Tooele,UT,26601,6.0
2767,Uintah,UT,22211,6.0
2768,Utah,UT,263590,20.0
2769,Wasatch,UT,10089,1.0
2770,Washington,UT,48560,9.0
2771,Wayne,UT,2177,1.0
2772,Weber,UT,158330,31.0
2773,Addison,VT,32953,9.0
2774,Bennington,VT,35845,10.0
2775,Caledonia,VT,27846,4.0
2776,Chittenden,VT,131761,23.0
2777,Essex,VT,6405,3.0
2778,Franklin,VT,39980,6.0
2779,Grand isle,VT,5318,0.0
2780,Lamoille,VT,19735,5.0
2781,Orange,VT,26149,9.0
2782,Orleans,VT,24053,5.0
2783,Rutland,VT,62142,18.0
2784,Washington,VT,54928,21.0
2785,Windham,VT,41588,10.0
2786,Windsor,VT,54055,10.0
2787,Accomack,VA,31703,10.0
2788,Albemarle,VA,68040,6.0
2789,Alleghany,VA,13176,2.0
2790,Amelia,VA,8787,0.0
2791,Amherst,VA,28578,7.0
2792,Appomattox,VA,12298,3.0
2793,Arlington,VA,170936,24.0
2794,Augusta,VA,54677,6.0
2795,Bath,VA,4799,1.0
2796,Bedford,VA,45656,6.0
2797,Bland,VA,6514,3.0
2798,Botetourt,VA,24992,4.0
2799,Brunswick,VA,15987,6.0
2800,Buchanan,VA,31333,12.0
2801,Buckingham,VA,12873,3.0
2802,Campbell,VA,47572,2.0
2803,Caroline,VA,19217,2.0
2804,Carroll,VA,26594,4.0
2805,Charles city,VA,6282,0.0
2806,Charlotte,VA,11688,0.0
2807,Chesterfield,VA,209274,22.0
2808,Clarke,VA,12101,1.0
2809,Craig,VA,4372,1.0
2810,Culpeper,VA,27791,3.0
2811,Cumberland,VA,7825,2.0
2812,Dickenson,VA,17620,2.0
2813,Dinwiddie,VA,20960,2.0
2814,Essex,VA,8689,4.0
2815,Fairfax,VA,818584,87.0
2816,Fauquier,VA,48741,4.0
2817,Floyd,VA,12005,2.0
2818,Fluvanna,VA,12429,2.0
2819,Franklin,VA,39549,6.0
2820,Frederick,VA,45723,5.0
2821,Giles,VA,16366,9.0
2822,Gloucester,VA,30131,5.0
2823,Goochland,VA,14163,4.0
2824,Grayson,VA,16278,7.0
2825,Greene,VA,10297,2.0
2826,Greensville,VA,8853,1.0
2827,Halifax,VA,29033,5.0
2828,Hampton city,VA,133793,0.0
2829,Hanover,VA,63306,10.0
2830,Henrico,VA,217881,35.0
2831,Henry,VA,56942,12.0
2832,Highland,VA,2635,3.0
2833,Isle of wight,VA,25053,0.0
2834,James city,VA,34859,0.0
2835,King and queen,VA,6289,0.0
2836,King george,VA,13527,0.0
2837,King william,VA,10913,0.0
2838,Lancaster,VA,10896,2.0
2839,Lee,VA,24496,4.0
2840,Loudoun,VA,86129,7.0
2841,Louisa,VA,20325,8.0
2842,Lunenburg,VA,11419,0.0
2843,Madison,VA,11949,0.0
2844,Mathews,VA,8348,0.0
2845,Mecklenburg,VA,29241,1.0
2846,Middlesex,VA,8653,1.0
2847,Montgomery,VA,73913,8.0
2848,Nansemond fake,VA,6734,0.0
2849,Nelson,VA,12778,0.0
2850,New kent,VA,10445,0.0
2851,Newport news city,VA,170045,0.0
2852,Norfolk city,VA,261229,0.0
2853,Northampton,VA,13061,3.0
2854,Northumberland,VA,10524,3.0
2855,Nottoway,VA,14993,4.0
2856,Orange,VA,21421,5.0
2857,Page,VA,21690,2.0
2858,Patrick,VA,17473,1.0
2859,Pittsylvania,VA,55655,11.0
2860,Powhatan,VA,15328,1.0
2861,Prince edward,VA,17320,0.0
2862,Prince george,VA,27394,0.0
2863,Prince william,VA,215686,0.0
2864,Pulaski,VA,34496,7.0
2865,Rappahannock,VA,6622,1.0
2866,Richmond,VA,7273,1.0
2867,Roanoke,VA,79332,17.0
2868,Rockbridge,VA,18350,4.0
2869,Rockingham,VA,57482,8.0
2870,Russell,VA,28667,5.0
2871,Scott,VA,23204,12.0
2872,Shenandoah,VA,31636,6.0
2873,Smyth,VA,32370,11.0
2874,Southampton,VA,17550,1.0
2875,Spotsylvania,VA,57403,9.0
2876,Stafford,VA,61236,5.0
2877,Surry,VA,6145,1.0
2878,Sussex,VA,10248,2.0
2879,Tazewell,VA,45960,10.0
2880,Virginia beach city,VA,393069,0.0
2881,Warren,VA,26142,9.0
2882,Washington,VA,45887,14.0
2883,Westmoreland,VA,15480,4.0
2884,Wise,VA,39573,12.0
2885,Wythe,VA,25466,5.0
2886,York,VA,42422,10.0
2887,Adams,WA,13603,2.0
2888,Asotin,WA,17605,5.0
2889,Benton,WA,112560,16.0
2890,Chelan,WA,52250,15.0
2891,Clallam,WA,56464,14.0
2892,Clark,WA,238053,46.0
2893,Columbia,WA,4024,1.0
2894,Cowlitz,WA,82119,15.0
2895,Douglas,WA,26205,6.0
2896,Ferry,WA,6295,0.0
2897,Franklin,WA,37473,5.0
2898,Garfield,WA,2248,0.0
2899,Grant,WA,54758,9.0
2900,Grays harbor,WA,64175,0.0
2901,Island,WA,60195,12.0
2902,Jefferson,WA,20146,7.0
2903,King,WA,1507319,248.0
2904,Kitsap,WA,189731,37.0
2905,Kittitas,WA,26725,3.0
2906,Klickitat,WA,16616,3.0
2907,Lewis,WA,59358,18.0
2908,Lincoln,WA,8864,1.0
2909,Mason,WA,38341,8.0
2910,Okanogan,WA,33350,13.0
2911,Pacific,WA,18882,5.0
2912,Pend oreille,WA,8915,0.0
2913,Pierce,WA,586203,101.0
2914,San juan,WA,10035,0.0
2915,Skagit,WA,79555,18.0
2916,Skamania,WA,8289,2.0
2917,Snohomish,WA,465642,66.0
2918,Spokane,WA,361364,78.0
2919,Stevens,WA,30948,4.0
2920,Thurston,WA,161238,20.0
2921,Wahkiakum,WA,3327,0.0
2922,Walla walla,WA,48439,0.0
2923,Whatcom,WA,127780,27.0
2924,Whitman,WA,38775,4.0
2925,Yakima,WA,188823,37.0
2926,Barbour,WV,15699,0.0
2927,Berkeley,WV,59253,0.0
2928,Boone,WV,25870,0.0
2929,Braxton,WV,12998,0.0
2930,Brooke,WV,26992,0.0
2931,Cabell,WV,96827,0.0
2932,Calhoun,WV,7885,0.0
2933,Clay,WV,9983,0.0
2934,Doddridge,WV,6994,0.0
2935,Fayette,WV,47952,0.0
2936,Gilmer,WV,7669,0.0
2937,Grant,WV,10428,0.0
2938,Greenbrier,WV,34693,0.0
2939,Hampshire,WV,16498,0.0
2940,Hancock,WV,35233,0.0
2941,Hardy,WV,10977,0.0
2942,Harrison,WV,69371,0.0
2943,Jackson,WV,25938,0.0
2944,Jefferson,WV,35926,0.0
2945,Kanawha,WV,207619,0.0
2946,Lewis,WV,17223,0.0
2947,Lincoln,WV,21382,0.0
2948,Logan,WV,43032,0.0
2949,Marion,WV,57249,0.0
2950,Marshall,WV,37356,0.0
2951,Mason,WV,25178,0.0
2952,Mcdowell,WV,35233,0.0
2953,Mercer,WV,64980,0.0
2954,Mineral,WV,26697,0.0
2955,Mingo,WV,33739,0.0
2956,Monongalia,WV,75509,0.0
2957,Monroe,WV,12406,0.0
2958,Morgan,WV,12128,0.0
2959,Nicholas,WV,26775,0.0
2960,Ohio,WV,50871,0.0
2961,Pendleton,WV,8054,0.0
2962,Pleasants,WV,7546,0.0
2963,Pocahontas,WV,9008,0.0
2964,Preston,WV,29037,0.0
2965,Putnam,WV,42835,0.0
2966,Raleigh,WV,76819,0.0
2967,Randolph,WV,27803,0.0
2968,Ritchie,WV,10233,0.0
2969,Roane,WV,15120,0.0
2970,Summers,WV,14204,0.0
2971,Taylor,WV,15144,0.0
2972,Tucker,WV,7728,0.0
2973,Tyler,WV,9796,0.0
2974,Upshur,WV,22867,0.0
2975,Wayne,WV,41636,0.0
2976,Webster,WV,10729,0.0
2977,Wetzel,WV,19258,0.0
2978,Wirt,WV,5192,0.0
2979,Wood,WV,86915,0.0
2980,Wyoming,WV,28990,0.0
2981,Adams,WI,15682,5.0
2982,Ashland,WI,16307,3.0
2983,Barron,WI,40750,15.0
2984,Bayfield,WI,14008,3.0
2985,Brown,WI,194594,37.0
2986,Buffalo,WI,13584,3.0
2987,Burnett,WI,13084,3.0
2988,Calumet,WI,34291,10.0
2989,Chippewa,WI,52360,13.0
2990,Clark,WI,31647,9.0
2991,Columbia,WI,45088,17.0
2992,Crawford,WI,15940,6.0
2993,Dane,WI,367085,61.0
2994,Dodge,WI,76559,23.0
2995,Door,WI,25690,6.0
2996,Douglas,WI,41758,22.0
2997,Dunn,WI,35909,6.0
2998,Eau claire,WI,85183,0.0
2999,Florence,WI,4590,4.0
3000,Fond du lac,WI,90083,0.0
3001,Forest,WI,8776,2.0
3002,Grant,WI,49264,16.0
3003,Green,WI,30339,11.0
3004,Green lake,WI,18651,0.0
3005,Iowa,WI,20150,5.0
3006,Iron,WI,6153,1.0
3007,Jackson,WI,16588,7.0
3008,Jefferson,WI,67783,11.0
3009,Juneau,WI,21650,6.0
3010,Kenosha,WI,128181,32.0
3011,Kewaunee,WI,18878,4.0
3012,La crosse,WI,97904,0.0
3013,Lafayette,WI,16076,8.0
3014,Langlade,WI,19505,7.0
3015,Lincoln,WI,26993,9.0
3016,Manitowoc,WI,80421,25.0
3017,Marathon,WI,115400,25.0
3018,Marinette,WI,40548,17.0
3019,Marquette,WI,12321,3.0
3020,Menominee,WI,3890,0.0
3021,Milwaukee,WI,959275,226.0
3022,Monroe,WI,36633,16.0
3023,Oconto,WI,30226,10.0
3024,Oneida,WI,31679,8.0
3025,Outagamie,WI,140510,42.0
3026,Ozaukee,WI,72831,20.0
3027,Pepin,WI,7107,2.0
3028,Pierce,WI,32765,7.0
3029,Polk,WI,34773,9.0
3030,Portage,WI,61405,7.0
3031,Price,WI,15600,3.0
3032,Racine,WI,175034,43.0
3033,Richland,WI,17521,6.0
3034,Rock,WI,139510,29.0
3035,Rusk,WI,15079,1.0
3036,Sauk,WI,46975,15.0
3037,Sawyer,WI,14181,4.0
3038,Shawano,WI,37157,8.0
3039,Sheboygan,WI,103877,38.0
3040,St. croix,WI,50251,0.0
3041,Taylor,WI,18901,2.0
3042,Trempealeau,WI,25263,5.0
3043,Vernon,WI,25617,13.0
3044,Vilas,WI,17707,5.0
3045,Walworth,WI,75000,21.0
3046,Washburn,WI,13772,8.0
3047,Washington,WI,95328,19.0
3048,Waukesha,WI,304715,68.0
3049,Waupaca,WI,46104,18.0
3050,Waushara,WI,19385,13.0
3051,Winnebago,WI,140320,43.0
3052,Wood,WI,73605,18.0
3053,Albany,WY,30797,4.0
3054,Big horn,WY,10525,0.0
3055,Campbell,WY,29370,2.0
3056,Carbon,WY,16659,1.0
3057,Converse,WY,11128,1.0
3058,Crook,WY,5294,1.0
3059,Fremont,WY,33662,6.0
3060,Goshen,WY,12373,7.0
3061,Hot springs,WY,4809,0.0
3062,Johnson,WY,6145,3.0
3063,Laramie,WY,73142,17.0
3064,Lincoln,WY,12625,2.0
3065,Natrona,WY,61226,18.0
3066,Niobrara,WY,2499,1.0
3067,Park,WY,23178,3.0
3068,Platte,WY,8145,2.0
3069,Sheridan,WY,23562,11.0
3070,Sublette,WY,4843,1.0
3071,Sweetwater,WY,38823,3.0
3072,Teton,WY,11172,0.0
3073,Uinta,WY,18705,2.0
3074,Washakie,WY,8388,2.0
3075,Weston,WY,6518,1.0
